"","screen_name","text","link","date","year","week","dmy","rt_user","hashtags"
"1","@vollgeld_nein","RT @LeroyBaechtold: Das Vollgeld treibt unsere KMU-Wirtschaft in den Ruin.
#VollgeldNein #abst18 #CHvote #vollgeld @Jungfreisinnige https://t.co/jZXRHsVl9l","http://twitter.com/vollgeld_nein/status/987054158552424450",2018-04-19 21:43:00,2018,16,2018-04-19,"RT @LeroyBaechtold:","c(""#vollgeldnein "", ""#abst18 "", ""#chvote "", ""#vollgeld "")"
"2","@NerdyGerdyMan","RT @Seven4wakeup: Pispers in Höchstform <f0><U+009F><U+0098><U+0083><f0><U+009F><U+0091><U+008D>
#Banken, #Geldschöpfung und #Schulden, einfach erklärt. Viel Vergnügen!
#abst18 #CHvote #Vollgeld #Vollgeldinitiative #VGI https://t.co/9BpoiPukbg","http://twitter.com/NerdyGerdyMan/status/987055586545192961",2018-04-19 21:49:00,2018,16,2018-04-19,"RT @Seven4wakeup:","c(""#banken, "", ""#geldschöpfung "", ""#schulden, "", ""#abst18 "", ""#chvote "", ""#vollgeld "", ""#vollgeldinitiative "", ""#vgi "")"
"3","@KommandoMensch","RT @Seven4wakeup: Pispers in Höchstform <f0><U+009F><U+0098><U+0083><f0><U+009F><U+0091><U+008D>
#Banken, #Geldschöpfung und #Schulden, einfach erklärt. Viel Vergnügen!
#abst18 #CHvote #Vollgeld #Vollgeldinitiative #VGI https://t.co/9BpoiPukbg","http://twitter.com/KommandoMensch/status/987056264424448000",2018-04-19 21:52:00,2018,16,2018-04-19,"RT @Seven4wakeup:","c(""#banken, "", ""#geldschöpfung "", ""#schulden, "", ""#abst18 "", ""#chvote "", ""#vollgeld "", ""#vollgeldinitiative "", ""#vgi "")"
"4","@Besserwissender","RT @Seven4wakeup: Pispers in Höchstform <f0><U+009F><U+0098><U+0083><f0><U+009F><U+0091><U+008D>
#Banken, #Geldschöpfung und #Schulden, einfach erklärt. Viel Vergnügen!
#abst18 #CHvote #Vollgeld #Vollgeldinitiative #VGI https://t.co/9BpoiPukbg","http://twitter.com/Besserwissender/status/987056475888607232",2018-04-19 21:52:00,2018,16,2018-04-19,"RT @Seven4wakeup:","c(""#banken, "", ""#geldschöpfung "", ""#schulden, "", ""#abst18 "", ""#chvote "", ""#vollgeld "", ""#vollgeldinitiative "", ""#vgi "")"
"5","@chpolit","Alles voll Geld #vollgeldinitiative","http://twitter.com/chpolit/status/987056926251986944",2018-04-19 21:54:00,2018,16,2018-04-19,NA,"#vollgeldinitiative"
"6","@X_crossss","RT @LeroyBaechtold: Das Vollgeld treibt unsere KMU-Wirtschaft in den Ruin.
#VollgeldNein #abst18 #CHvote #vollgeld @Jungfreisinnige https://t.co/jZXRHsVl9l","http://twitter.com/X_crossss/status/987060946379116549",2018-04-19 22:10:00,2018,16,2018-04-19,"RT @LeroyBaechtold:","c(""#vollgeldnein "", ""#abst18 "", ""#chvote "", ""#vollgeld "")"
"7","@stocki363","RT @Seven4wakeup: Pispers in Höchstform <f0><U+009F><U+0098><U+0083><f0><U+009F><U+0091><U+008D>
#Banken, #Geldschöpfung und #Schulden, einfach erklärt. Viel Vergnügen!
#abst18 #CHvote #Vollgeld #Vollgeldinitiative #VGI https://t.co/9BpoiPukbg","http://twitter.com/stocki363/status/987063218945261568",2018-04-19 22:19:00,2018,16,2018-04-19,"RT @Seven4wakeup:","c(""#banken, "", ""#geldschöpfung "", ""#schulden, "", ""#abst18 "", ""#chvote "", ""#vollgeld "", ""#vollgeldinitiative "", ""#vgi "")"
"8","@Tobias_Hendry","RT @Tobias_Hendry: @ReneTruninger @welt Was sagt den der #IWF zur #Vollgeldinitiative? 
https://t.co/1M2BztUN9s

#abst18 #CHvote #vollgeld #vgi https://t.co/zessQja7j5","http://twitter.com/Tobias_Hendry/status/987081537454837760",2018-04-19 23:32:00,2018,16,2018-04-19,"RT @Tobias_Hendry:","c(""#iwf "", ""#vollgeldinitiative? "", ""#abst18 "", ""#chvote "", ""#vollgeld "", ""#vgi "")"
"9","@wahlch15","RT @Seven4wakeup: Pispers in Höchstform <f0><U+009F><U+0098><U+0083><f0><U+009F><U+0091><U+008D>
#Banken, #Geldschöpfung und #Schulden, einfach erklärt. Viel Vergnügen!
#abst18 #CHvote #Vollgeld #Vollgeldinitiative #VGI https://t.co/9BpoiPukbg","http://twitter.com/wahlch15/status/987085384059416577",2018-04-19 23:47:00,2018,16,2018-04-19,"RT @Seven4wakeup:","c(""#banken, "", ""#geldschöpfung "", ""#schulden, "", ""#abst18 "", ""#chvote "", ""#vollgeld "", ""#vollgeldinitiative "", ""#vgi "")"
"10","@Baeumel","RT @Seven4wakeup: Pispers in Höchstform <f0><U+009F><U+0098><U+0083><f0><U+009F><U+0091><U+008D>
#Banken, #Geldschöpfung und #Schulden, einfach erklärt. Viel Vergnügen!
#abst18 #CHvote #Vollgeld #Vollgeldinitiative #VGI https://t.co/9BpoiPukbg","http://twitter.com/Baeumel/status/987173839623868418",2018-04-20 05:39:00,2018,16,2018-04-20,"RT @Seven4wakeup:","c(""#banken, "", ""#geldschöpfung "", ""#schulden, "", ""#abst18 "", ""#chvote "", ""#vollgeld "", ""#vollgeldinitiative "", ""#vgi "")"
"11","@OpenThePrimary","RT @CFAinstitute: Switzerland may vote to switch from a fractional reserve banking system to a full money reserve system, @theintuitinvest writes in his primer on the #Vollgeld Initiative, via @enterprising https://t.co/37cpg6PkyF","http://twitter.com/OpenThePrimary/status/987191080214040576",2018-04-20 06:47:00,2018,16,2018-04-20,"RT @CFAinstitute:","#vollgeld "
"12","@sunrisegroup779","RT @SPschwyz: SP Kanton Schwyz beschliesst JA-Parole zur #Vollgeld-Initiative! #abst18 #CHvote @Vollgeldreform https://t.co/8J6123Chda","http://twitter.com/sunrisegroup779/status/987194616368783361",2018-04-20 07:01:00,2018,16,2018-04-20,"RT @SPschwyz:","c(""#vollgeld-initiative! "", ""#abst18 "", ""#chvote "")"
"13","@AlbertoPetruzze","RT @LeroyBaechtold: Das Vollgeld treibt unsere KMU-Wirtschaft in den Ruin.
#VollgeldNein #abst18 #CHvote #vollgeld @Jungfreisinnige https://t.co/jZXRHsVl9l","http://twitter.com/AlbertoPetruzze/status/987203672429006848",2018-04-20 07:37:00,2018,16,2018-04-20,"RT @LeroyBaechtold:","c(""#vollgeldnein "", ""#abst18 "", ""#chvote "", ""#vollgeld "")"
"14","@Max_Schubiger","RT @DemocracyNet_: Unsere zweite ABSTIMM-BAR! Diesmal über die Vollgeldinitiative. 8. Mai 2018, 18:30 Uhr,
Karl der Grosse, Kirchgasse 14, 8001 Zürich. @Karl_Zuerich 
https://t.co/zSoenbEm7X… https://t.co/yVPpysqG7o","http://twitter.com/Max_Schubiger/status/987208843238215680",2018-04-20 07:58:00,2018,16,2018-04-20,"RT @DemocracyNet_:","character(0)"
"15","@Seven4wakeup","""Die Zinsen werden in einem Vollgeldsystem steigen"", brüllte der Lobbyist und merkte nicht, dass wir in einem Negativzins-Umfeld gefangen sind.

@FDP_Liberalen @SVPch @BDPSchweiz @vollgeld_nein @CVP_PDC 

#Vollgeldinitiative #Vollgeld #abst18 #CHvote #VGI #stopfakemoney https://t.co/gcaV7WUngX","http://twitter.com/Seven4wakeup/status/987224073091670017",2018-04-20 08:58:00,2018,16,2018-04-20,NA,"c(""#vollgeldinitiative "", ""#vollgeld "", ""#abst18 "", ""#chvote "", ""#vgi "", ""#stopfakemoney "")"
"16","@stocki363","RT @Seven4wakeup: ""Die Zinsen werden in einem Vollgeldsystem steigen"", brüllte der Lobbyist und merkte nicht, dass wir in einem Negativzins-Umfeld gefangen sind.

@FDP_Liberalen @SVPch @BDPSchweiz @vollgeld_nein @CVP_PDC 

#Vollgeldinitiative #Vollgeld #abst18 #CHvote #VGI #stopfakemoney https://t.co/gcaV7WUngX","http://twitter.com/stocki363/status/987224428537958400",2018-04-20 09:00:00,2018,16,2018-04-20,"RT @Seven4wakeup:","c(""#vollgeldinitiative "", ""#vollgeld "", ""#abst18 "", ""#chvote "", ""#vgi "", ""#stopfakemoney "")"
"17","@Tobias_Hendry","RT @Seven4wakeup: ""Die Zinsen werden in einem Vollgeldsystem steigen"", brüllte der Lobbyist und merkte nicht, dass wir in einem Negativzins-Umfeld gefangen sind.

@FDP_Liberalen @SVPch @BDPSchweiz @vollgeld_nein @CVP_PDC 

#Vollgeldinitiative #Vollgeld #abst18 #CHvote #VGI #stopfakemoney https://t.co/gcaV7WUngX","http://twitter.com/Tobias_Hendry/status/987227582524518400",2018-04-20 09:12:00,2018,16,2018-04-20,"RT @Seven4wakeup:","c(""#vollgeldinitiative "", ""#vollgeld "", ""#abst18 "", ""#chvote "", ""#vgi "", ""#stopfakemoney "")"
"18","@swissinfo_de","Was würde sich ändern, wenn die Schweizer Stimmbürger am 10. Juni Ja sagen würden zur Vollgeldinitiative? Ein paar zentrale Punkte kurz erklärt. #Vollgeld #abst18
https://t.co/QiMQtC4RKq","http://twitter.com/swissinfo_de/status/987232865413984256",2018-04-20 09:33:00,2018,16,2018-04-20,NA,"c(""#vollgeld "", ""#abst18"")"
"19","@SwissBankingSBA","#Vollgeld auf den Punkt gebracht. https://t.co/XitEdp0KrU","http://twitter.com/SwissBankingSBA/status/987235024570388486",2018-04-20 09:42:00,2018,16,2018-04-20,NA,"#vollgeld "
"20","@Alexander_Solms","RT @SwissBankingSBA: #Vollgeld auf den Punkt gebracht. https://t.co/XitEdp0KrU","http://twitter.com/Alexander_Solms/status/987235026189324290",2018-04-20 09:42:00,2018,16,2018-04-20,"RT @SwissBankingSBA:","#vollgeld "
"21","@wahlch15","RT @swissinfo_de: Was würde sich ändern, wenn die Schweizer Stimmbürger am 10. Juni Ja sagen würden zur Vollgeldinitiative? Ein paar zentrale Punkte kurz erklärt. #Vollgeld #abst18
https://t.co/QiMQtC4RKq","http://twitter.com/wahlch15/status/987236022764400640",2018-04-20 09:46:00,2018,16,2018-04-20,"RT @swissinfo_de:","c(""#vollgeld "", ""#abst18"")"
"22","@NeueWegeSchweiz","@Seven4wakeup @FDP_Liberalen @SVPch @BDPSchweiz @vollgeld_nein @CVP_PDC <f0><U+009F><U+0098><U+0082> Um bei so vielen Politiker die Hirnis zu waschen, müsste es vermutlich heissen DIE Loobyisten. Auch die @spschweiz ist da voll mit drin. <f0><U+009F><U+0098><U+0082> 
#VollLobyisten #VollMitDrin gegen #Vollgeld","http://twitter.com/NeueWegeSchweiz/status/987236142193004544",2018-04-20 09:46:00,2018,16,2018-04-20,NA,"c(""#volllobyisten "", ""#vollmitdrin "", ""#vollgeld"")"
"23","@NeueWegeSchweiz","RT @Seven4wakeup: ""Die Zinsen werden in einem Vollgeldsystem steigen"", brüllte der Lobbyist und merkte nicht, dass wir in einem Negativzins-Umfeld gefangen sind.

@FDP_Liberalen @SVPch @BDPSchweiz @vollgeld_nein @CVP_PDC 

#Vollgeldinitiative #Vollgeld #abst18 #CHvote #VGI #stopfakemoney https://t.co/gcaV7WUngX","http://twitter.com/NeueWegeSchweiz/status/987237894640340993",2018-04-20 09:53:00,2018,16,2018-04-20,"RT @Seven4wakeup:","c(""#vollgeldinitiative "", ""#vollgeld "", ""#abst18 "", ""#chvote "", ""#vgi "", ""#stopfakemoney "")"
"24","@stocki363","RT @NeueWegeSchweiz: @Seven4wakeup @FDP_Liberalen @SVPch @BDPSchweiz @vollgeld_nein @CVP_PDC <f0><U+009F><U+0098><U+0082> Um bei so vielen Politiker die Hirnis zu waschen, müsste es vermutlich heissen DIE Loobyisten. Auch die @spschweiz ist da voll mit drin. <f0><U+009F><U+0098><U+0082> 
#VollLobyisten #VollMitDrin gegen #Vollgeld","http://twitter.com/stocki363/status/987237934440091648",2018-04-20 09:54:00,2018,16,2018-04-20,"RT @NeueWegeSchweiz:","c(""#volllobyisten "", ""#vollmitdrin "", ""#vollgeld"")"
"25","@cdenzler","RT @Seven4wakeup: ""Die Zinsen werden in einem Vollgeldsystem steigen"", brüllte der Lobbyist und merkte nicht, dass wir in einem Negativzins-Umfeld gefangen sind.

@FDP_Liberalen @SVPch @BDPSchweiz @vollgeld_nein @CVP_PDC 

#Vollgeldinitiative #Vollgeld #abst18 #CHvote #VGI #stopfakemoney https://t.co/gcaV7WUngX","http://twitter.com/cdenzler/status/987238334815711232",2018-04-20 09:55:00,2018,16,2018-04-20,"RT @Seven4wakeup:","c(""#vollgeldinitiative "", ""#vollgeld "", ""#abst18 "", ""#chvote "", ""#vgi "", ""#stopfakemoney "")"
"26","@Hofnaerrin","RT @swissinfo_de: Was würde sich ändern, wenn die Schweizer Stimmbürger am 10. Juni Ja sagen würden zur Vollgeldinitiative? Ein paar zentrale Punkte kurz erklärt. #Vollgeld #abst18
https://t.co/QiMQtC4RKq","http://twitter.com/Hofnaerrin/status/987239030889828352",2018-04-20 09:58:00,2018,16,2018-04-20,"RT @swissinfo_de:","c(""#vollgeld "", ""#abst18"")"
"27","@SwissCommunity","#Vollgeld – ein anspruchsvolles Volksbegehren. Zum Artikel in der #SchweizerRevue: https://t.co/CSBCZyunMc

Diskussion auf SwissCommunity .org: https://t.co/d0vtvMeu6K
#5teSchweiz https://t.co/ytodOY6IHq","http://twitter.com/SwissCommunity/status/987242213276028928",2018-04-20 10:11:00,2018,16,2018-04-20,NA,"c(""#vollgeld "", ""#schweizerrevue: "", ""#5teschweiz "")"
"28","@fabiocanetg","@defactoexpert Zu Ihrem zweiten Einwand: Stimmt, Vollgeld kann als Kredit in Umlauf kommen. Würde #Vollgeld aber so *geschaffen*, wie im Artikel beschrieben, wäre es schuldfrei. Es könnte darauf von der #SNB an die Banken verliehen werden, würde dadurch aber nicht zu Schuldgeld.","http://twitter.com/fabiocanetg/status/987242934243418112",2018-04-20 10:13:00,2018,16,2018-04-20,NA,"c(""#vollgeld "", ""#snb "")"
"29","@fabiocanetg","RT @swissinfo_de: Was würde sich ändern, wenn die Schweizer Stimmbürger am 10. Juni Ja sagen würden zur Vollgeldinitiative? Ein paar zentrale Punkte kurz erklärt. #Vollgeld #abst18
https://t.co/QiMQtC4RKq","http://twitter.com/fabiocanetg/status/987244307173298177",2018-04-20 10:19:00,2018,16,2018-04-20,"RT @swissinfo_de:","c(""#vollgeld "", ""#abst18"")"
"30","@SFI_CH","Learn more about the #vollgeldinitiative and the consequences for economy and monetary policy. Read our latest SFI Public Discussion Note. 
French: https://t.co/WeMMYB4QEZ  / German: https://t.co/ENFDxIWk8A 
Italian: https://t.co/uuWGI2Vx1A  / English: https://t.co/SqCMXBIpxG","http://twitter.com/SFI_CH/status/987249628293750784",2018-04-20 10:40:00,2018,16,2018-04-20,NA,"#vollgeldinitiative "
"31","@AlbertoPetruzze","RT @SwissBankingSBA: #Vollgeld auf den Punkt gebracht. https://t.co/XitEdp0KrU","http://twitter.com/AlbertoPetruzze/status/987254208784105472",2018-04-20 10:58:00,2018,16,2018-04-20,"RT @SwissBankingSBA:","#vollgeld "
"32","@gunnzchai","@BTS_SkyTrain #bts #SkyTrain #VGI https://t.co/ghQHVBXsMa","http://twitter.com/gunnzchai/status/987258485845852160",2018-04-20 11:15:00,2018,16,2018-04-20,NA,"c(""#bts "", ""#skytrain "", ""#vgi "")"
"33","@bosshardstefan","Rechtschreibung scheint auch auf der Website des Bundes https://t.co/ekUjg4pfOx eine Frage des Zufalls zu sein.
https://t.co/0JsvW04730 @BR_Sprecher <f0><U+009F><U+0099><U+0088> https://t.co/aB5cAEW3Nn","http://twitter.com/bosshardstefan/status/987259131584278528",2018-04-20 11:18:00,2018,16,2018-04-20,NA,"character(0)"
"34","@democracyupdate","RT @swissinfo_de: Was würde sich ändern, wenn die Schweizer Stimmbürger am 10. Juni Ja sagen würden zur Vollgeldinitiative? Ein paar zentrale Punkte kurz erklärt. #Vollgeld #abst18
https://t.co/QiMQtC4RKq","http://twitter.com/democracyupdate/status/987264204070629387",2018-04-20 11:38:00,2018,16,2018-04-20,"RT @swissinfo_de:","c(""#vollgeld "", ""#abst18"")"
"35","@soserde","RT @Seven4wakeup: ""Die Zinsen werden in einem Vollgeldsystem steigen"", brüllte der Lobbyist und merkte nicht, dass wir in einem Negativzins-Umfeld gefangen sind.

@FDP_Liberalen @SVPch @BDPSchweiz @vollgeld_nein @CVP_PDC 

#Vollgeldinitiative #Vollgeld #abst18 #CHvote #VGI #stopfakemoney https://t.co/gcaV7WUngX","http://twitter.com/soserde/status/987264535806562304",2018-04-20 11:39:00,2018,16,2018-04-20,"RT @Seven4wakeup:","c(""#vollgeldinitiative "", ""#vollgeld "", ""#abst18 "", ""#chvote "", ""#vgi "", ""#stopfakemoney "")"
"36","@SwissBankingSBA","RT @SFI_CH: Learn more about the #vollgeldinitiative and the consequences for economy and monetary policy. Read our latest SFI Public Discussion Note. 
French: https://t.co/WeMMYB4QEZ  / German: https://t.co/ENFDxIWk8A 
Italian: https://t.co/uuWGI2Vx1A  / English: https://t.co/SqCMXBIpxG","http://twitter.com/SwissBankingSBA/status/987264865994670080",2018-04-20 11:41:00,2018,16,2018-04-20,"RT @SFI_CH:","#vollgeldinitiative "
"37","@Alexander_Solms","RT @SFI_CH: Learn more about the #vollgeldinitiative and the consequences for economy and monetary policy. Read our latest SFI Public Discussion Note. 
French: https://t.co/WeMMYB4QEZ  / German: https://t.co/ENFDxIWk8A 
Italian: https://t.co/uuWGI2Vx1A  / English: https://t.co/SqCMXBIpxG","http://twitter.com/Alexander_Solms/status/987264867580116992",2018-04-20 11:41:00,2018,16,2018-04-20,"RT @SFI_CH:","#vollgeldinitiative "
"38","@fabiocanetg","Alles #Vollgeld? Mein Beitrag ab heute auch auf @defactoexpert - @Vollgeldreform @vollgeld_nein @SwissBankingSBA @IPWunibern @anneepolitique @RuediNoser @PirminBischof @MoeLindgren @AlainS1991 @LauraCurau @SarahButikofer @Mark_Balsiger @LukasGolder @jonasprojer #abst18 https://t.co/Ot26W5i2p2","http://twitter.com/fabiocanetg/status/987266226668949504",2018-04-20 11:46:00,2018,16,2018-04-20,NA,"c(""#vollgeld? "", ""#abst18 "")"
"39","@Lukas_Stiefel","Ein #Vollgeld-Hochrisikoexperiment mit dem Schweizer Finanzsystem?Spannend fürs Ausland, potentiell sehr teuer für uns.

""Dann kämen externe Beobachter in den Genuss einer Gratislektion, denn allfällige Kosten würden vorwiegend in der Schweiz anfallen.""

https://t.co/f7JiTG8nv3","http://twitter.com/Lukas_Stiefel/status/987268598656880640",2018-04-20 11:55:00,2018,16,2018-04-20,NA,"#vollgeld-hochrisikoexperiment "
"40","@Tobias_Hendry","RT @WernerFuchs_CH: @srfnews @AlainS1991 Wenn schon mehr als 50% am aktuellen System zweifeln? Vollgeld ist eine gute Sache für den Bürger. Es wird wohl mehrheitlich geschwiegen - was Neues wird ja fast zu 100% abgelehnt und Banken traut eh kaum noch einer. #Vollgeld warum nicht?","http://twitter.com/Tobias_Hendry/status/987269742430998528",2018-04-20 12:00:00,2018,16,2018-04-20,"RT @WernerFuchs_CH:","#vollgeld "
"41","@Tobias_Hendry","RT @Vollgeldreform: Die Grünen des Kantons Tessin unterstützen die Vollgeld-Initiative! https://t.co/AhyW6o6Z1Y
#Vollgeld #abst18","http://twitter.com/Tobias_Hendry/status/987271190971600896",2018-04-20 12:06:00,2018,16,2018-04-20,"RT @Vollgeldreform:","c(""#vollgeld "", ""#abst18"")"
"42","@AlainS1991","#Vollgeld - Gut gemeint ist das Gegenteil von gut. https://t.co/QbRPrc5Oyw","http://twitter.com/AlainS1991/status/987271994201780224",2018-04-20 12:09:00,2018,16,2018-04-20,NA,"#vollgeld "
"43","@jungerfreisinn","RT @AlainS1991: #Vollgeld - Gut gemeint ist das Gegenteil von gut. https://t.co/QbRPrc5Oyw","http://twitter.com/jungerfreisinn/status/987273197648310272",2018-04-20 12:14:00,2018,16,2018-04-20,"RT @AlainS1991:","#vollgeld "
"44","@Seven4wakeup","Wir können die ""Stabilität"" der Banken ziemlich einfach testen:

Spazier auf deine Bank und heb dein Geld ab. Wenn das nur 5% der Bankkunden tun würden, dann krachts...
Das nennt man nicht stabil, sondern fragil..<f0><U+009F><U+0099><U+0088>

#Vollgeld #Vollgeldinitiative #abst18 #CHvote #VGI https://t.co/XVlynYiBAh","http://twitter.com/Seven4wakeup/status/987280316581769216",2018-04-20 12:42:00,2018,16,2018-04-20,NA,"c(""#vollgeld "", ""#vollgeldinitiative "", ""#abst18 "", ""#chvote "", ""#vgi "")"
"45","@stocki363","RT @Seven4wakeup: Wir können die ""Stabilität"" der Banken ziemlich einfach testen:

Spazier auf deine Bank und heb dein Geld ab. Wenn das nur 5% der Bankkunden tun würden, dann krachts...
Das nennt man nicht stabil, sondern fragil..<f0><U+009F><U+0099><U+0088>

#Vollgeld #Vollgeldinitiative #abst18 #CHvote #VGI https://t.co/XVlynYiBAh","http://twitter.com/stocki363/status/987280736062529536",2018-04-20 12:44:00,2018,16,2018-04-20,"RT @Seven4wakeup:","c(""#vollgeld "", ""#vollgeldinitiative "", ""#abst18 "", ""#chvote "", ""#vgi "")"
"46","@NeueWegeSchweiz","RT @Seven4wakeup: Wir können die ""Stabilität"" der Banken ziemlich einfach testen:

Spazier auf deine Bank und heb dein Geld ab. Wenn das nur 5% der Bankkunden tun würden, dann krachts...
Das nennt man nicht stabil, sondern fragil..<f0><U+009F><U+0099><U+0088>

#Vollgeld #Vollgeldinitiative #abst18 #CHvote #VGI https://t.co/XVlynYiBAh","http://twitter.com/NeueWegeSchweiz/status/987281628060901376",2018-04-20 12:47:00,2018,16,2018-04-20,"RT @Seven4wakeup:","c(""#vollgeld "", ""#vollgeldinitiative "", ""#abst18 "", ""#chvote "", ""#vgi "")"
"47","@fabiocanetg","Der Link im @defactoexpert Tweet scheint nicht bei allen zu funkionieren. Dieser schon:  https://t.co/Eq1MqnmgZ2 #Vollgeld","http://twitter.com/fabiocanetg/status/987283764710707201",2018-04-20 12:56:00,2018,16,2018-04-20,NA,"#vollgeld"
"48","@Libertas_Partei","RT @AlainS1991: #Vollgeld - Gut gemeint ist das Gegenteil von gut. https://t.co/QbRPrc5Oyw","http://twitter.com/Libertas_Partei/status/987284306488897537",2018-04-20 12:58:00,2018,16,2018-04-20,"RT @AlainS1991:","#vollgeld "
"49","@Sanwaechter","Nein zu #Vollgeld! Wir dürfen kein SNB Monopol zulassen! #EndTheSNB","http://twitter.com/Sanwaechter/status/987284937719078912",2018-04-20 13:00:00,2018,16,2018-04-20,NA,"c(""#vollgeld! "", ""#endthesnb"")"
"50","@Seven4wakeup","@AlainS1991 Zinsen? Welche Zinsen? <f0><U+009F><U+0098><U+0086>
Weshalb sollte ich nicht die Wahl haben, ob ich sicheres Geld will oder meiner Bank freiwillig und gegen Zinsen zur Verfügung stellen will?
Eine Wahl zu haben ist immer besser als Zwang!
#Vollgeld https://t.co/ktfDhDKh9q","http://twitter.com/Seven4wakeup/status/987285789242544128",2018-04-20 13:04:00,2018,16,2018-04-20,NA,"#vollgeld "
"51","@Tobias_Hendry","RT @Seven4wakeup: Schulden sind gut, zu viele Schulden sind schlecht &amp; Schulden, die man niemals bezahlen kann sind der Tod für jede Wirtschaft &amp; für jeden Staat. 
Wer noch nicht versteht, warum die Verschuldung nur wachsen kann, der nehme sich 3min Zeit:
https://t.co/RHBCV8vVii
#Vollgeld #abst18","http://twitter.com/Tobias_Hendry/status/987292638893223937",2018-04-20 13:31:00,2018,16,2018-04-20,"RT @Seven4wakeup:","c(""#vollgeld "", ""#abst18"")"
"52","@Tobias_Hendry","RT @Seven4wakeup: Wir können die ""Stabilität"" der Banken ziemlich einfach testen:

Spazier auf deine Bank und heb dein Geld ab. Wenn das nur 5% der Bankkunden tun würden, dann krachts...
Das nennt man nicht stabil, sondern fragil..<f0><U+009F><U+0099><U+0088>

#Vollgeld #Vollgeldinitiative #abst18 #CHvote #VGI https://t.co/XVlynYiBAh","http://twitter.com/Tobias_Hendry/status/987292711391760386",2018-04-20 13:31:00,2018,16,2018-04-20,"RT @Seven4wakeup:","c(""#vollgeld "", ""#vollgeldinitiative "", ""#abst18 "", ""#chvote "", ""#vgi "")"
"53","@defactoexpert","Zum Auftakt des Abstimmungskampfes: #Notenbankgeld, #Vollgeld und #schuldfreiesGeld. Was bedeuten diese Begriffe und weshalb sind sie in der Diskussion um die #vollgeld -Initiative wichtig? https://t.co/tRiVKtVfrL Beitrag von @fabiocanetg auf @defactoexpert","http://twitter.com/defactoexpert/status/987294687823351810",2018-04-20 13:39:00,2018,16,2018-04-20,NA,"c(""#notenbankgeld, "", ""#vollgeld "", ""#schuldfreiesgeld. "", ""#vollgeld "")"
"54","@fabiocanetg","Alles #Vollgeld? Mein Beitrag (mit Link, der bei allen funkioniert), ab heute auch auf @defactoexpert - @Vollgeldreform @vollgeld_nein @SwissBankingSBA @IPWunibern @anneepolitique @RuediNoser @PirminBischof @MoeLindgren  @LauraCurau @SarahButikofer @Mark_Balsiger @LukasGolder https://t.co/MuyDjAHEeh","http://twitter.com/fabiocanetg/status/987296308808552449",2018-04-20 13:45:00,2018,16,2018-04-20,NA,"#vollgeld? "
"55","@NeueWegeSchweiz","Diese Wahl müssen wir treffen das #Vollgeld-Geldsystem in den Händen der SNB und  unter demokratischer Kontrolle =(inkl. Reorganisation SNB) oder in den Händen der  #UBS und #CS wie heute schon und damit vom Ausland mehrheitlich kontrolliert.

#abst18 #AugenAuf https://t.co/rSvM9pwKPr","http://twitter.com/NeueWegeSchweiz/status/987298415464894466",2018-04-20 13:54:00,2018,16,2018-04-20,NA,"c(""#vollgeld-geldsystem "", ""#ubs "", ""#cs "", ""#abst18 "", ""#augenauf "")"
"56","@Tobias_Hendry","RT @NeueWegeSchweiz: Diese Wahl müssen wir treffen das #Vollgeld-Geldsystem in den Händen der SNB und  unter demokratischer Kontrolle =(inkl. Reorganisation SNB) oder in den Händen der  #UBS und #CS wie heute schon und damit vom Ausland mehrheitlich kontrolliert.

#abst18 #AugenAuf https://t.co/rSvM9pwKPr","http://twitter.com/Tobias_Hendry/status/987298898816520192",2018-04-20 13:56:00,2018,16,2018-04-20,"RT @NeueWegeSchweiz:","c(""#vollgeld-geldsystem "", ""#ubs "", ""#cs "", ""#abst18 "", ""#augenauf "")"
"57","@Tobias_Hendry","@Sanwaechter Dann doch lieber in der demokratisch kontrollierten Hand der SNB, als in der Hand der Privatbanken. Bei Polizei und Gerichten hat auch der Staat ein Monopol. Geldschöpfung ist auch ein service public.  #vollgeld JA","http://twitter.com/Tobias_Hendry/status/987299456394715136",2018-04-20 13:58:00,2018,16,2018-04-20,NA,"#vollgeld "
"58","@Seven4wakeup","RT @Tobias_Hendry: @Sanwaechter Dann doch lieber in der demokratisch kontrollierten Hand der SNB, als in der Hand der Privatbanken. Bei Polizei und Gerichten hat auch der Staat ein Monopol. Geldschöpfung ist auch ein service public.  #vollgeld JA","http://twitter.com/Seven4wakeup/status/987304729339449345",2018-04-20 14:19:00,2018,16,2018-04-20,"RT @Tobias_Hendry:","#vollgeld "
"59","@StojanovicNenad","RT @defactoexpert: Zum Auftakt des Abstimmungskampfes: #Notenbankgeld, #Vollgeld und #schuldfreiesGeld. Was bedeuten diese Begriffe und weshalb sind sie in der Diskussion um die #vollgeld -Initiative wichtig? https://t.co/tRiVKtVfrL Beitrag von @fabiocanetg auf @defactoexpert","http://twitter.com/StojanovicNenad/status/987305234241409024",2018-04-20 14:21:00,2018,16,2018-04-20,"RT @defactoexpert:","c(""#notenbankgeld, "", ""#vollgeld "", ""#schuldfreiesgeld. "", ""#vollgeld "")"
"60","@GeldCHF","RT @Vollgeldreform: Unerwarteter Support für die Vollgeld-Initiative! Die internationale Bankenaufsicht zweifelt an der Krisenfestigkeit der Schweizer Einlagensicherung. Kundengelder seien ungenügend gedeckt, kritisiert das Gremium. 
#vollgeld #abst18 #chvote

https://t.co/P0bwb8pbXY","http://twitter.com/GeldCHF/status/987307265551106049",2018-04-20 14:29:00,2018,16,2018-04-20,"RT @Vollgeldreform:","c(""#vollgeld "", ""#abst18 "", ""#chvote"")"
"61","@f_degeorge","RT @SFI_CH: Learn more about the #vollgeldinitiative and the consequences for economy and monetary policy. Read our latest SFI Public Discussion Note. 
French: https://t.co/WeMMYB4QEZ  / German: https://t.co/ENFDxIWk8A 
Italian: https://t.co/uuWGI2Vx1A  / English: https://t.co/SqCMXBIpxG","http://twitter.com/f_degeorge/status/987307399315906561",2018-04-20 14:30:00,2018,16,2018-04-20,"RT @SFI_CH:","#vollgeldinitiative "
"62","@AldoCarigiet","RT @SVPch: Die Schweiz würde bei einem Ja zur Vollgeld-Initiative zu einem Versuchskaninchen für international aktive Vollgeld-Aktivisten. Denn ein solches System gibt es weltweit noch nirgends. 
#VollgeldinitiativeNein #VollgeldNein https://t.co/PUMGpKLWPB","http://twitter.com/AldoCarigiet/status/987309180406128640",2018-04-20 14:37:00,2018,16,2018-04-20,"RT @SVPch:","c(""#vollgeldinitiativenein "", ""#vollgeldnein "")"
"63","@GabyRudolf","RT @swissinfo_de: Was würde sich ändern, wenn die Schweizer Stimmbürger am 10. Juni Ja sagen würden zur Vollgeldinitiative? Ein paar zentrale Punkte kurz erklärt. #Vollgeld #abst18
https://t.co/QiMQtC4RKq","http://twitter.com/GabyRudolf/status/987310129833013248",2018-04-20 14:40:00,2018,16,2018-04-20,"RT @swissinfo_de:","c(""#vollgeld "", ""#abst18"")"
"64","@stocki363","RT @Tobias_Hendry: @Sanwaechter Dann doch lieber in der demokratisch kontrollierten Hand der SNB, als in der Hand der Privatbanken. Bei Polizei und Gerichten hat auch der Staat ein Monopol. Geldschöpfung ist auch ein service public.  #vollgeld JA","http://twitter.com/stocki363/status/987332206212341760",2018-04-20 16:08:00,2018,16,2018-04-20,"RT @Tobias_Hendry:","#vollgeld "
"65","@Into_the_Nature","@GeoEpoche https://t.co/x6LsXpvaeY

#Vollgeldinitiative 129

Nehmt es mir nicht übel.
Ich bin bloss ein alter Punk der gerne provoziert...","http://twitter.com/Into_the_Nature/status/987333575778471937",2018-04-20 16:14:00,2018,16,2018-04-20,NA,"#vollgeldinitiative "
"66","@swissly1","RT @Vollgeldreform: Unerwarteter Support für die Vollgeld-Initiative! Die internationale Bankenaufsicht zweifelt an der Krisenfestigkeit der Schweizer Einlagensicherung. Kundengelder seien ungenügend gedeckt, kritisiert das Gremium. 
#vollgeld #abst18 #chvote

https://t.co/P0bwb8pbXY","http://twitter.com/swissly1/status/987341603625947136",2018-04-20 16:45:00,2018,16,2018-04-20,"RT @Vollgeldreform:","c(""#vollgeld "", ""#abst18 "", ""#chvote"")"
"67","@fabiocanetg","RT @defactoexpert: Zum Auftakt des Abstimmungskampfes: #Notenbankgeld, #Vollgeld und #schuldfreiesGeld. Was bedeuten diese Begriffe und weshalb sind sie in der Diskussion um die #vollgeld -Initiative wichtig? https://t.co/tRiVKtVfrL Beitrag von @fabiocanetg auf @defactoexpert","http://twitter.com/fabiocanetg/status/987345265781862403",2018-04-20 17:00:00,2018,16,2018-04-20,"RT @defactoexpert:","c(""#notenbankgeld, "", ""#vollgeld "", ""#schuldfreiesgeld. "", ""#vollgeld "")"
"68","@gabisoft","RT @NeueWegeSchweiz: Diese Wahl müssen wir treffen das #Vollgeld-Geldsystem in den Händen der SNB und  unter demokratischer Kontrolle =(inkl. Reorganisation SNB) oder in den Händen der  #UBS und #CS wie heute schon und damit vom Ausland mehrheitlich kontrolliert.

#abst18 #AugenAuf https://t.co/rSvM9pwKPr","http://twitter.com/gabisoft/status/987347719378362369",2018-04-20 17:10:00,2018,16,2018-04-20,"RT @NeueWegeSchweiz:","c(""#vollgeld-geldsystem "", ""#ubs "", ""#cs "", ""#abst18 "", ""#augenauf "")"
"69","@CVP_PDC","Bereits Ende Januar lehnte der Parteivorstand der CVP Schweiz die #Vollgeldinitiative mit 53:0 Stimmen bei zwei Enthaltungen ab. Unsere Argumente sind hier zu finden: https://t.co/xFATccX4yc cc @vollgeld_nein https://t.co/o5xmVyzfdi","http://twitter.com/CVP_PDC/status/987353907281227777",2018-04-20 17:34:00,2018,16,2018-04-20,NA,"#vollgeldinitiative "
"70","@ZWKZug","#vollgeld, #Steuervorlage SV17, US #TaxReform, Erfolgsmodell Zug, Investitionen in Infrastruktur schaffen neue Arbeitsplätze, neue Ämterverteilung und Köpfe bei @ZWKZug, Private Equity in Zug. Mehr dazu https://t.co/5pmPEjwAVA","http://twitter.com/ZWKZug/status/987355152704311296",2018-04-20 17:39:00,2018,16,2018-04-20,NA,"c(""#vollgeld, "", ""#steuervorlage "", ""#taxreform, "")"
"71","@vollgeld_nein","RT @CVP_PDC: Bereits Ende Januar lehnte der Parteivorstand der CVP Schweiz die #Vollgeldinitiative mit 53:0 Stimmen bei zwei Enthaltungen ab. Unsere Argumente sind hier zu finden: https://t.co/xFATccX4yc cc @vollgeld_nein https://t.co/o5xmVyzfdi","http://twitter.com/vollgeld_nein/status/987355960355250176",2018-04-20 17:42:00,2018,16,2018-04-20,"RT @CVP_PDC:","#vollgeldinitiative "
"72","@Vollgeldreform","@CVP_PDC @vollgeld_nein Gehen Sie davon aus, dass heute Geschäftsbanken bei der Kreditvergabe Sichteinlagen weitergeben? <f0><U+009F><U+00A4><U+0094><f0><U+009F><U+00A4><U+00A8>
#vollgeld","http://twitter.com/Vollgeldreform/status/987360697196666880",2018-04-20 18:01:00,2018,16,2018-04-20,NA,"#vollgeld"
"73","@Vollgeldreform","Wer Planwirtschaft und #Vollgeld gleichsetzt hat nicht begriffen was das Ziel der Vollgeld-Initiative ist! 
Wir wollen öffentliche Geldherstellung und private Kreditvergabe! Auch mit Vollgeld vergeben die Banken die Kredite!! <f0><U+009F><U+0099><U+0084><f0><U+009F><U+0099><U+0084>#abst18 #chvote","http://twitter.com/Vollgeldreform/status/987362531491635200",2018-04-20 18:09:00,2018,16,2018-04-20,NA,"c(""#vollgeld "", ""#abst18 "", ""#chvote"")"
"74","@Seven4wakeup","RT @Vollgeldreform: @CVP_PDC @vollgeld_nein Gehen Sie davon aus, dass heute Geschäftsbanken bei der Kreditvergabe Sichteinlagen weitergeben? <f0><U+009F><U+00A4><U+0094><f0><U+009F><U+00A4><U+00A8>
#vollgeld","http://twitter.com/Seven4wakeup/status/987366922214834176",2018-04-20 18:26:00,2018,16,2018-04-20,"RT @Vollgeldreform:","#vollgeld"
"75","@Tobias_Hendry","RT @Vollgeldreform: Wer Planwirtschaft und #Vollgeld gleichsetzt hat nicht begriffen was das Ziel der Vollgeld-Initiative ist! 
Wir wollen öffentliche Geldherstellung und private Kreditvergabe! Auch mit Vollgeld vergeben die Banken die Kredite!! <f0><U+009F><U+0099><U+0084><f0><U+009F><U+0099><U+0084>#abst18 #chvote","http://twitter.com/Tobias_Hendry/status/987367503058948096",2018-04-20 18:28:00,2018,16,2018-04-20,"RT @Vollgeldreform:","c(""#vollgeld "", ""#abst18 "", ""#chvote"")"
"76","@Vollgeldreform","@CVP_PDC @vollgeld_nein Versucht die CVP bei den Lesern den (falschen) Eindruck zu hinterlassen, die Banken würden heute bei der Kreditvergabe Spargelder weiter geben?
#Vollgeld #abst18 #chvote","http://twitter.com/Vollgeldreform/status/987369212837617664",2018-04-20 18:35:00,2018,16,2018-04-20,NA,"c(""#vollgeld "", ""#abst18 "", ""#chvote"")"
"77","@Tobias_Hendry","RT @Vollgeldreform: @CVP_PDC @vollgeld_nein Versucht die CVP bei den Lesern den (falschen) Eindruck zu hinterlassen, die Banken würden heute bei der Kreditvergabe Spargelder weiter geben?
#Vollgeld #abst18 #chvote","http://twitter.com/Tobias_Hendry/status/987369438344286208",2018-04-20 18:36:00,2018,16,2018-04-20,"RT @Vollgeldreform:","c(""#vollgeld "", ""#abst18 "", ""#chvote"")"
"78","@seifgammal","RT @Vollgeldreform: @CVP_PDC @vollgeld_nein Versucht die CVP bei den Lesern den (falschen) Eindruck zu hinterlassen, die Banken würden heute bei der Kreditvergabe Spargelder weiter geben?
#Vollgeld #abst18 #chvote","http://twitter.com/seifgammal/status/987370448135639040",2018-04-20 18:40:00,2018,16,2018-04-20,"RT @Vollgeldreform:","c(""#vollgeld "", ""#abst18 "", ""#chvote"")"
"79","@Seven4wakeup","RT @Vollgeldreform: @CVP_PDC @vollgeld_nein Versucht die CVP bei den Lesern den (falschen) Eindruck zu hinterlassen, die Banken würden heute bei der Kreditvergabe Spargelder weiter geben?
#Vollgeld #abst18 #chvote","http://twitter.com/Seven4wakeup/status/987371596552826881",2018-04-20 18:45:00,2018,16,2018-04-20,"RT @Vollgeldreform:","c(""#vollgeld "", ""#abst18 "", ""#chvote"")"
"80","@Tobias_Hendry","@Vollgeldreform @CVP_PDC @vollgeld_nein Die Falsche der CVP würde ich aber auch ablehnen. Wenn über die richtige Vollgeldinitiative so falsch informiert wurde ist diese 53:0-Ablehnung nachvollziehbar. Ich verweise auf dieses interaktive Gespräch, da kann man sich korrekt informieren: https://t.co/IAV8BGa0L5","http://twitter.com/Tobias_Hendry/status/987373022838509569",2018-04-20 18:50:00,2018,16,2018-04-20,NA,"character(0)"
"81","@Vollgeldreform","RT @Seven4wakeup: Das Hauptargumentarium der Gegner beruht darauf, daß #Vollgeld etwas neues wäre. Sie verkennen dabei, daß es JEDES Element der #Vollgeldinitiative schoneinmal gab in der <f0><U+009F><U+0087><U+00A8><f0><U+009F><U+0087><U+00AD>.
Ich bin froh, ging es nicht immer nach den Gegnern, sonst würden wir heute noch in Höhlen leben.
#abst18 https://t.co/ZHIhlNlMg6","http://twitter.com/Vollgeldreform/status/987374146316271618",2018-04-20 18:55:00,2018,16,2018-04-20,"RT @Seven4wakeup:","c(""#vollgeld "", ""#vollgeldinitiative "", ""#abst18 "")"
"82","@AndreasSprecher","RT @xavipip: @CVP_PDC @vollgeld_nein JA zur Vollgeldinitiative! https://t.co/CzjRhv6R1w","http://twitter.com/AndreasSprecher/status/987377174842880000",2018-04-20 19:07:00,2018,16,2018-04-20,"RT @xavipip:","character(0)"
"83","@stocki363","RT @Vollgeldreform: @CVP_PDC @vollgeld_nein Gehen Sie davon aus, dass heute Geschäftsbanken bei der Kreditvergabe Sichteinlagen weitergeben? <f0><U+009F><U+00A4><U+0094><f0><U+009F><U+00A4><U+00A8>
#vollgeld","http://twitter.com/stocki363/status/987379158845095936",2018-04-20 19:15:00,2018,16,2018-04-20,"RT @Vollgeldreform:","#vollgeld"
"84","@Seven4wakeup","RT @Vollgeldreform: Wer Planwirtschaft und #Vollgeld gleichsetzt hat nicht begriffen was das Ziel der Vollgeld-Initiative ist! 
Wir wollen öffentliche Geldherstellung und private Kreditvergabe! Auch mit Vollgeld vergeben die Banken die Kredite!! <f0><U+009F><U+0099><U+0084><f0><U+009F><U+0099><U+0084>#abst18 #chvote","http://twitter.com/Seven4wakeup/status/987386770567385088",2018-04-20 19:45:00,2018,16,2018-04-20,"RT @Vollgeldreform:","c(""#vollgeld "", ""#abst18 "", ""#chvote"")"
"85","@NeueWegeSchweiz","RT @Vollgeldreform: @CVP_PDC @vollgeld_nein Versucht die CVP bei den Lesern den (falschen) Eindruck zu hinterlassen, die Banken würden heute bei der Kreditvergabe Spargelder weiter geben?
#Vollgeld #abst18 #chvote","http://twitter.com/NeueWegeSchweiz/status/987394686116683777",2018-04-20 20:16:00,2018,16,2018-04-20,"RT @Vollgeldreform:","c(""#vollgeld "", ""#abst18 "", ""#chvote"")"
"86","@Vollgeldreform","Grundlagen können nicht geleugnet werden. Die Banken stellen das elektronische Geld her. Da der Text auf falschen Annahmen basiert, empfehlen wir: <U+2702><U+FE0F><U+2702><U+FE0F><f0><U+009F><U+0097><U+0091><U+FE0F><f0><U+009F><U+0094><U+00A5><f0><U+009F><U+0094><U+00A5>
#Vollgeld #abst18 #chvote
Bitte jetzt abstimmen! &gt;&gt; https://t.co/pGgUEBzafO https://t.co/bh88dZG3KE","http://twitter.com/Vollgeldreform/status/987397878606893056",2018-04-20 20:29:00,2018,16,2018-04-20,NA,"c(""#vollgeld "", ""#abst18 "", ""#chvote"")"
"87","@Tobias_Hendry","RT @Vollgeldreform: Grundlagen können nicht geleugnet werden. Die Banken stellen das elektronische Geld her. Da der Text auf falschen Annahmen basiert, empfehlen wir: <U+2702><U+FE0F><U+2702><U+FE0F><f0><U+009F><U+0097><U+0091><U+FE0F><f0><U+009F><U+0094><U+00A5><f0><U+009F><U+0094><U+00A5>
#Vollgeld #abst18 #chvote
Bitte jetzt abstimmen! &gt;&gt; https://t.co/pGgUEBzafO https://t.co/bh88dZG3KE","http://twitter.com/Tobias_Hendry/status/987398771389714433",2018-04-20 20:33:00,2018,16,2018-04-20,"RT @Vollgeldreform:","c(""#vollgeld "", ""#abst18 "", ""#chvote"")"
"88","@martin_candinas","RT @CVP_PDC: Bereits Ende Januar lehnte der Parteivorstand der CVP Schweiz die #Vollgeldinitiative mit 53:0 Stimmen bei zwei Enthaltungen ab. Unsere Argumente sind hier zu finden: https://t.co/xFATccX4yc cc @vollgeld_nein https://t.co/o5xmVyzfdi","http://twitter.com/martin_candinas/status/987399150730989572",2018-04-20 20:34:00,2018,16,2018-04-20,"RT @CVP_PDC:","#vollgeldinitiative "
"89","@JungeGrueneZH","Weiter gehts mit einem spannenden Podium zur #Vollgeldinitiative mit Martin Alder vom Initiativkomitee, und Basil Oberholzer, Kantonsrat @jungegruene_sg #Abst18 #Vollgeld https://t.co/961mawT3i5","http://twitter.com/JungeGrueneZH/status/987399470043328512",2018-04-20 20:35:00,2018,16,2018-04-20,NA,"c(""#vollgeldinitiative "", ""#abst18 "", ""#vollgeld "")"
"90","@schellerfamily1","RT @Vollgeldreform: Grundlagen können nicht geleugnet werden. Die Banken stellen das elektronische Geld her. Da der Text auf falschen Annahmen basiert, empfehlen wir: <U+2702><U+FE0F><U+2702><U+FE0F><f0><U+009F><U+0097><U+0091><U+FE0F><f0><U+009F><U+0094><U+00A5><f0><U+009F><U+0094><U+00A5>
#Vollgeld #abst18 #chvote
Bitte jetzt abstimmen! &gt;&gt; https://t.co/pGgUEBzafO https://t.co/bh88dZG3KE","http://twitter.com/schellerfamily1/status/987399923384676352",2018-04-20 20:37:00,2018,16,2018-04-20,"RT @Vollgeldreform:","c(""#vollgeld "", ""#abst18 "", ""#chvote"")"
"91","@NeueWegeSchweiz","RT @Vollgeldreform: Grundlagen können nicht geleugnet werden. Die Banken stellen das elektronische Geld her. Da der Text auf falschen Annahmen basiert, empfehlen wir: <U+2702><U+FE0F><U+2702><U+FE0F><f0><U+009F><U+0097><U+0091><U+FE0F><f0><U+009F><U+0094><U+00A5><f0><U+009F><U+0094><U+00A5>
#Vollgeld #abst18 #chvote
Bitte jetzt abstimmen! &gt;&gt; https://t.co/pGgUEBzafO https://t.co/bh88dZG3KE","http://twitter.com/NeueWegeSchweiz/status/987400514211078149",2018-04-20 20:40:00,2018,16,2018-04-20,"RT @Vollgeldreform:","c(""#vollgeld "", ""#abst18 "", ""#chvote"")"
"92","@fabiangrepper","#Vollgeld Initiative wird am Parteitag der @JFAargau einstimmig abgelehnt! <f0><U+009F><U+0092><U+00AA><f0><U+009F><U+008F><U+00BB>
. 
@vollgeld_nein @Vollgeldreform
@Jungfreisinnige","http://twitter.com/fabiangrepper/status/987401360466423808",2018-04-20 20:43:00,2018,16,2018-04-20,NA,"#vollgeld "
"93","@Net2Ayurveda","RT @Vollgeldreform: Grundlagen können nicht geleugnet werden. Die Banken stellen das elektronische Geld her. Da der Text auf falschen Annahmen basiert, empfehlen wir: <U+2702><U+FE0F><U+2702><U+FE0F><f0><U+009F><U+0097><U+0091><U+FE0F><f0><U+009F><U+0094><U+00A5><f0><U+009F><U+0094><U+00A5>
#Vollgeld #abst18 #chvote
Bitte jetzt abstimmen! &gt;&gt; https://t.co/pGgUEBzafO https://t.co/bh88dZG3KE","http://twitter.com/Net2Ayurveda/status/987401561239408641",2018-04-20 20:44:00,2018,16,2018-04-20,"RT @Vollgeldreform:","c(""#vollgeld "", ""#abst18 "", ""#chvote"")"
"94","@Seven4wakeup","RT @Vollgeldreform: Grundlagen können nicht geleugnet werden. Die Banken stellen das elektronische Geld her. Da der Text auf falschen Annahmen basiert, empfehlen wir: <U+2702><U+FE0F><U+2702><U+FE0F><f0><U+009F><U+0097><U+0091><U+FE0F><f0><U+009F><U+0094><U+00A5><f0><U+009F><U+0094><U+00A5>
#Vollgeld #abst18 #chvote
Bitte jetzt abstimmen! &gt;&gt; https://t.co/pGgUEBzafO https://t.co/bh88dZG3KE","http://twitter.com/Seven4wakeup/status/987403692868558852",2018-04-20 20:52:00,2018,16,2018-04-20,"RT @Vollgeldreform:","c(""#vollgeld "", ""#abst18 "", ""#chvote"")"
"95","@AndreasSprecher","RT @Vollgeldreform: Wer Planwirtschaft und #Vollgeld gleichsetzt hat nicht begriffen was das Ziel der Vollgeld-Initiative ist! 
Wir wollen öffentliche Geldherstellung und private Kreditvergabe! Auch mit Vollgeld vergeben die Banken die Kredite!! <f0><U+009F><U+0099><U+0084><f0><U+009F><U+0099><U+0084>#abst18 #chvote","http://twitter.com/AndreasSprecher/status/987403880303595520",2018-04-20 20:53:00,2018,16,2018-04-20,"RT @Vollgeldreform:","c(""#vollgeld "", ""#abst18 "", ""#chvote"")"
"96","@RenatKuenzi","RT @swissinfo_de: Was würde sich ändern, wenn die Schweizer Stimmbürger am 10. Juni Ja sagen würden zur Vollgeldinitiative? Ein paar zentrale Punkte kurz erklärt. #Vollgeld #abst18
https://t.co/QiMQtC4RKq","http://twitter.com/RenatKuenzi/status/987411994474090497",2018-04-20 21:25:00,2018,16,2018-04-20,"RT @swissinfo_de:","c(""#vollgeld "", ""#abst18"")"
"97","@metamythos","RT @swissinfo_de: Was würde sich ändern, wenn die Schweizer Stimmbürger am 10. Juni Ja sagen würden zur Vollgeldinitiative? Ein paar zentrale Punkte kurz erklärt. #Vollgeld #abst18
https://t.co/QiMQtC4RKq","http://twitter.com/metamythos/status/987415427293827072",2018-04-20 21:39:00,2018,16,2018-04-20,"RT @swissinfo_de:","c(""#vollgeld "", ""#abst18"")"
"98","@JungeGrueneZH","Parolenfassung: Wir sagen JA zur @Vollgeldreform! #Vollgeldinitiative #Vollgeld #abst18 #CHvote","http://twitter.com/JungeGrueneZH/status/987420520613326848",2018-04-20 21:59:00,2018,16,2018-04-20,NA,"c(""#vollgeldinitiative "", ""#vollgeld "", ""#abst18 "", ""#chvote"")"
"99","@vollgeld_nein","RT @fabiangrepper: #Vollgeld Initiative wird am Parteitag der @JFAargau einstimmig abgelehnt! <f0><U+009F><U+0092><U+00AA><f0><U+009F><U+008F><U+00BB>
. 
@vollgeld_nein @Vollgeldreform
@Jungfreisinnige","http://twitter.com/vollgeld_nein/status/987427429802217473",2018-04-20 22:26:00,2018,16,2018-04-20,"RT @fabiangrepper:","#vollgeld "
"100","@NeueWegeSchweiz","RT @JungeGrueneZH: Parolenfassung: Wir sagen JA zur @Vollgeldreform! #Vollgeldinitiative #Vollgeld #abst18 #CHvote","http://twitter.com/NeueWegeSchweiz/status/987428972785958912",2018-04-20 22:33:00,2018,16,2018-04-20,"RT @JungeGrueneZH:","c(""#vollgeldinitiative "", ""#vollgeld "", ""#abst18 "", ""#chvote"")"
"101","@hermanneichhorn","Ich frage mich in den letzten Tagen des öfteren, woran all die Politiker von links und rechts dachten, als sie gegen #Vollgeld gestummen haben. Hatten sie sich wirklich gut informiert? Sind wir, die Befürworter, etwa blind oder sind die Banken-Lobbies einfach so stark etabliert?","http://twitter.com/hermanneichhorn/status/987431693643632641",2018-04-20 22:43:00,2018,16,2018-04-20,NA,"#vollgeld "
"102","@CVPAargau","RT @CVP_PDC: Bereits Ende Januar lehnte der Parteivorstand der CVP Schweiz die #Vollgeldinitiative mit 53:0 Stimmen bei zwei Enthaltungen ab. Unsere Argumente sind hier zu finden: https://t.co/xFATccX4yc cc @vollgeld_nein https://t.co/o5xmVyzfdi","http://twitter.com/CVPAargau/status/987436208857985029",2018-04-20 23:01:00,2018,16,2018-04-20,"RT @CVP_PDC:","#vollgeldinitiative "
"103","@pdcneuchatelois","RT @CVP_PDC: Bereits Ende Januar lehnte der Parteivorstand der CVP Schweiz die #Vollgeldinitiative mit 53:0 Stimmen bei zwei Enthaltungen ab. Unsere Argumente sind hier zu finden: https://t.co/xFATccX4yc cc @vollgeld_nein https://t.co/o5xmVyzfdi","http://twitter.com/pdcneuchatelois/status/987439861194948614",2018-04-20 23:16:00,2018,16,2018-04-20,"RT @CVP_PDC:","#vollgeldinitiative "
"104","@stocki363","RT @Vollgeldreform: Grundlagen können nicht geleugnet werden. Die Banken stellen das elektronische Geld her. Da der Text auf falschen Annahmen basiert, empfehlen wir: <U+2702><U+FE0F><U+2702><U+FE0F><f0><U+009F><U+0097><U+0091><U+FE0F><f0><U+009F><U+0094><U+00A5><f0><U+009F><U+0094><U+00A5>
#Vollgeld #abst18 #chvote
Bitte jetzt abstimmen! &gt;&gt; https://t.co/pGgUEBzafO https://t.co/bh88dZG3KE","http://twitter.com/stocki363/status/987449126966190087",2018-04-20 23:53:00,2018,16,2018-04-20,"RT @Vollgeldreform:","c(""#vollgeld "", ""#abst18 "", ""#chvote"")"
"105","@stocki363","RT @Vollgeldreform: Wer Planwirtschaft und #Vollgeld gleichsetzt hat nicht begriffen was das Ziel der Vollgeld-Initiative ist! 
Wir wollen öffentliche Geldherstellung und private Kreditvergabe! Auch mit Vollgeld vergeben die Banken die Kredite!! <f0><U+009F><U+0099><U+0084><f0><U+009F><U+0099><U+0084>#abst18 #chvote","http://twitter.com/stocki363/status/987449400376033282",2018-04-20 23:54:00,2018,16,2018-04-20,"RT @Vollgeldreform:","c(""#vollgeld "", ""#abst18 "", ""#chvote"")"
"106","@stocki363","RT @Vollgeldreform: @CVP_PDC @vollgeld_nein Versucht die CVP bei den Lesern den (falschen) Eindruck zu hinterlassen, die Banken würden heute bei der Kreditvergabe Spargelder weiter geben?
#Vollgeld #abst18 #chvote","http://twitter.com/stocki363/status/987449898688827393",2018-04-20 23:56:00,2018,16,2018-04-20,"RT @Vollgeldreform:","c(""#vollgeld "", ""#abst18 "", ""#chvote"")"
"107","@Voegizug","RT @Seven4wakeup: Wir können die ""Stabilität"" der Banken ziemlich einfach testen:

Spazier auf deine Bank und heb dein Geld ab. Wenn das nur 5% der Bankkunden tun würden, dann krachts...
Das nennt man nicht stabil, sondern fragil..<f0><U+009F><U+0099><U+0088>

#Vollgeld #Vollgeldinitiative #abst18 #CHvote #VGI https://t.co/XVlynYiBAh","http://twitter.com/Voegizug/status/987490561954369536",2018-04-21 02:37:00,2018,16,2018-04-21,"RT @Seven4wakeup:","c(""#vollgeld "", ""#vollgeldinitiative "", ""#abst18 "", ""#chvote "", ""#vgi "")"
"108","@mrhold","RT @Seven4wakeup: Wir können die ""Stabilität"" der Banken ziemlich einfach testen:

Spazier auf deine Bank und heb dein Geld ab. Wenn das nur 5% der Bankkunden tun würden, dann krachts...
Das nennt man nicht stabil, sondern fragil..<f0><U+009F><U+0099><U+0088>

#Vollgeld #Vollgeldinitiative #abst18 #CHvote #VGI https://t.co/XVlynYiBAh","http://twitter.com/mrhold/status/987560662980284416",2018-04-21 07:16:00,2018,16,2018-04-21,"RT @Seven4wakeup:","c(""#vollgeld "", ""#vollgeldinitiative "", ""#abst18 "", ""#chvote "", ""#vgi "")"
"109","@stocki363","RT @JungeGrueneZH: Parolenfassung: Wir sagen JA zur @Vollgeldreform! #Vollgeldinitiative #Vollgeld #abst18 #CHvote","http://twitter.com/stocki363/status/987562246313308162",2018-04-21 07:22:00,2018,16,2018-04-21,"RT @JungeGrueneZH:","c(""#vollgeldinitiative "", ""#vollgeld "", ""#abst18 "", ""#chvote"")"
"110","@pearldiver99","#Vollgeld ist voll verkehrt ...","http://twitter.com/pearldiver99/status/987567206459375616",2018-04-21 07:42:00,2018,16,2018-04-21,NA,"#vollgeld "
"111","@DrZoeGardner","Never poo-poo the value of #vgi Doodoowatch 'poo-shaming' map gains UK council interest https://t.co/iryTDcFFH4","http://twitter.com/DrZoeGardner/status/987568432588775424",2018-04-21 07:47:00,2018,16,2018-04-21,NA,"#vgi "
"112","@whisperherz","RT @Seven4wakeup: Wir können die ""Stabilität"" der Banken ziemlich einfach testen:

Spazier auf deine Bank und heb dein Geld ab. Wenn das nur 5% der Bankkunden tun würden, dann krachts...
Das nennt man nicht stabil, sondern fragil..<f0><U+009F><U+0099><U+0088>

#Vollgeld #Vollgeldinitiative #abst18 #CHvote #VGI https://t.co/XVlynYiBAh","http://twitter.com/whisperherz/status/987569495446310912",2018-04-21 07:51:00,2018,16,2018-04-21,"RT @Seven4wakeup:","c(""#vollgeld "", ""#vollgeldinitiative "", ""#abst18 "", ""#chvote "", ""#vgi "")"
"113","@whisperherz","RT @Vollgeldreform: Wer Planwirtschaft und #Vollgeld gleichsetzt hat nicht begriffen was das Ziel der Vollgeld-Initiative ist! 
Wir wollen öffentliche Geldherstellung und private Kreditvergabe! Auch mit Vollgeld vergeben die Banken die Kredite!! <f0><U+009F><U+0099><U+0084><f0><U+009F><U+0099><U+0084>#abst18 #chvote","http://twitter.com/whisperherz/status/987571609132306432",2018-04-21 07:59:00,2018,16,2018-04-21,"RT @Vollgeldreform:","c(""#vollgeld "", ""#abst18 "", ""#chvote"")"
"114","@Vollgeldreform","#Vollgeld-Abstimmung: Beschwerde gegen #Nationalbank,  Konferenz der kantonalen #Finanzdirektoren und #Bundesrat eingereicht. Insgesamt unsachliche &amp; wahrheitswidrige Kommunikation im Vorfeld der Abstimmung vom 10. Juni.  - https://t.co/b8xOaiRfcr 
#Abst18 #SNB","http://twitter.com/Vollgeldreform/status/987579172171247617",2018-04-21 08:29:00,2018,16,2018-04-21,NA,"c(""#vollgeld-abstimmung: "", ""#nationalbank, "", ""#finanzdirektoren "", ""#bundesrat "", ""#abst18 "", ""#snb"")"
"115","@rootLogin","RT @swissinfo_de: Was würde sich ändern, wenn die Schweizer Stimmbürger am 10. Juni Ja sagen würden zur Vollgeldinitiative? Ein paar zentrale Punkte kurz erklärt. #Vollgeld #abst18
https://t.co/QiMQtC4RKq","http://twitter.com/rootLogin/status/987580933103550464",2018-04-21 08:36:00,2018,16,2018-04-21,"RT @swissinfo_de:","c(""#vollgeld "", ""#abst18"")"
"116","@stocki363","RT @Vollgeldreform: #Vollgeld-Abstimmung: Beschwerde gegen #Nationalbank,  Konferenz der kantonalen #Finanzdirektoren und #Bundesrat eingereicht. Insgesamt unsachliche &amp; wahrheitswidrige Kommunikation im Vorfeld der Abstimmung vom 10. Juni.  - https://t.co/b8xOaiRfcr 
#Abst18 #SNB","http://twitter.com/stocki363/status/987581106961747968",2018-04-21 08:37:00,2018,16,2018-04-21,"RT @Vollgeldreform:","c(""#vollgeld-abstimmung: "", ""#nationalbank, "", ""#finanzdirektoren "", ""#bundesrat "", ""#abst18 "", ""#snb"")"
"117","@NeueWegeSchweiz","RT @NeueWegeSchweiz: @BDPSchweiz @h_siegenthaler @vollgeld_nein @SNB_BNS_de Wird die BDP auch von den Grossbanken begünstigt? Betrag?
https://t.co/8ZtbiL0qjc @Vollgeldreform 
#transparenz #abst18 #vollgeld https://t.co/29jLdZtQmt","http://twitter.com/NeueWegeSchweiz/status/987585449769295872",2018-04-21 08:54:00,2018,16,2018-04-21,"RT @NeueWegeSchweiz:","c(""#transparenz "", ""#abst18 "", ""#vollgeld "")"
"118","@EmanuelWaeber","#vollgeldinitiative-NEIN-weil: riskant-teuer-nutzlos!
#initiative monnaie pleine-NON-parce que: risque-onereux-inutile!","http://twitter.com/EmanuelWaeber/status/987586292501401600",2018-04-21 08:58:00,2018,16,2018-04-21,NA,"c(""#vollgeldinitiative-nein-weil: "", ""#initiative "")"
"119","@Vollgeldreform","Die Macher der Vollgeld-Initiative fahren scharfes Geschütz auf. Sie haben am Freitag beim Aargauer Regierungsrat eine Abstimmungsbeschwerde wegen Fehlinformation eingereicht! 

#vollgeld #abst18 #chvote

https://t.co/ktMNuPh9gC","http://twitter.com/Vollgeldreform/status/987591693892538368",2018-04-21 09:19:00,2018,16,2018-04-21,NA,"c(""#vollgeld "", ""#abst18 "", ""#chvote"")"
"120","@stocki363","RT @Vollgeldreform: Die Macher der Vollgeld-Initiative fahren scharfes Geschütz auf. Sie haben am Freitag beim Aargauer Regierungsrat eine Abstimmungsbeschwerde wegen Fehlinformation eingereicht! 

#vollgeld #abst18 #chvote

https://t.co/ktMNuPh9gC","http://twitter.com/stocki363/status/987592074857009152",2018-04-21 09:21:00,2018,16,2018-04-21,"RT @Vollgeldreform:","c(""#vollgeld "", ""#abst18 "", ""#chvote"")"
"121","@Handyverkaufer","Heute an der #DVCVP in Cham

Zur Diskussion stehen:
#Geldspielgesetz 
#Vollgeld
#Gesundheitsinitiative https://t.co/T8f3okLGby","http://twitter.com/Handyverkaufer/status/987604745123778560",2018-04-21 10:11:00,2018,16,2018-04-21,NA,"c(""#dvcvp "", ""#geldspielgesetz "", ""#vollgeld"", ""#gesundheitsinitiative "")"
"122","@LauraCurau","RT @Handyverkaufer: Heute an der #DVCVP in Cham

Zur Diskussion stehen:
#Geldspielgesetz 
#Vollgeld
#Gesundheitsinitiative https://t.co/T8f3okLGby","http://twitter.com/LauraCurau/status/987605959219523585",2018-04-21 10:16:00,2018,16,2018-04-21,"RT @Handyverkaufer:","c(""#dvcvp "", ""#geldspielgesetz "", ""#vollgeld"", ""#gesundheitsinitiative "")"
"123","@AndreasSprecher","RT @Tobias_Hendry: @Sanwaechter Dann doch lieber in der demokratisch kontrollierten Hand der SNB, als in der Hand der Privatbanken. Bei Polizei und Gerichten hat auch der Staat ein Monopol. Geldschöpfung ist auch ein service public.  #vollgeld JA","http://twitter.com/AndreasSprecher/status/987611983414513664",2018-04-21 10:40:00,2018,16,2018-04-21,"RT @Tobias_Hendry:","#vollgeld "
"124","@Tobias_Hendry","RT @Seven4wakeup: Das ist doch mal eine Ansage! Vor den Referaten am @GDInstitute waren 52% für #Vollgeld, danach stolze 70%! Ausserdem bezeichneten alle Referenten ausser @RuediNoser und Aleksander Berentsen unser heutiges #Finanzsystem als höchst instabil und gefährlich!
#Vollgeldinitiative #VGI https://t.co/u4FNZvmKj1","http://twitter.com/Tobias_Hendry/status/987613521193119746",2018-04-21 10:46:00,2018,16,2018-04-21,"RT @Seven4wakeup:","c(""#vollgeld, "", ""#finanzsystem "", ""#vollgeldinitiative "", ""#vgi "")"
"125","@Net2Ayurveda","RT @Vollgeldreform: Grundlagen können nicht geleugnet werden. Die Banken stellen das elektronische Geld her. Da der Text auf falschen Annahmen basiert, empfehlen wir: <U+2702><U+FE0F><U+2702><U+FE0F><f0><U+009F><U+0097><U+0091><U+FE0F><f0><U+009F><U+0094><U+00A5><f0><U+009F><U+0094><U+00A5>
#Vollgeld #abst18 #chvote
Bitte jetzt abstimmen! &gt;&gt; https://t.co/pGgUEBzafO https://t.co/bh88dZG3KE","http://twitter.com/Net2Ayurveda/status/987623243094872064",2018-04-21 11:25:00,2018,16,2018-04-21,"RT @Vollgeldreform:","c(""#vollgeld "", ""#abst18 "", ""#chvote"")"
"126","@SatireMan","RT @Seven4wakeup: Wir können die ""Stabilität"" der Banken ziemlich einfach testen:

Spazier auf deine Bank und heb dein Geld ab. Wenn das nur 5% der Bankkunden tun würden, dann krachts...
Das nennt man nicht stabil, sondern fragil..<f0><U+009F><U+0099><U+0088>

#Vollgeld #Vollgeldinitiative #abst18 #CHvote #VGI https://t.co/XVlynYiBAh","http://twitter.com/SatireMan/status/987625889558081536",2018-04-21 11:35:00,2018,16,2018-04-21,"RT @Seven4wakeup:","c(""#vollgeld "", ""#vollgeldinitiative "", ""#abst18 "", ""#chvote "", ""#vgi "")"
"127","@schellerfamily1","RT @Vollgeldreform: Die Macher der Vollgeld-Initiative fahren scharfes Geschütz auf. Sie haben am Freitag beim Aargauer Regierungsrat eine Abstimmungsbeschwerde wegen Fehlinformation eingereicht! 

#vollgeld #abst18 #chvote

https://t.co/ktMNuPh9gC","http://twitter.com/schellerfamily1/status/987634170095599622",2018-04-21 12:08:00,2018,16,2018-04-21,"RT @Vollgeldreform:","c(""#vollgeld "", ""#abst18 "", ""#chvote"")"
"128","@Seven4wakeup","@CVP_PDC Gibts darauf noch eine Antwort oder verweigert ihr weiterhin Konsequent eine faire Debatte?
#Vollgeld #Vollgeldinitiative 
https://t.co/THKg6tLJQA","http://twitter.com/Seven4wakeup/status/987635860756713472",2018-04-21 12:15:00,2018,16,2018-04-21,NA,"c(""#vollgeld "", ""#vollgeldinitiative "")"
"129","@srfnews","Initianten der #Vollgeld-Initiative haben ihre Ankündigung wahrgemacht und eine #Abstimmungsbeschwerde eingereicht. https://t.co/gnbtMQzWGv ^sh","http://twitter.com/srfnews/status/987637458065031169",2018-04-21 12:21:00,2018,16,2018-04-21,NA,"c(""#vollgeld-initiative "", ""#abstimmungsbeschwerde "")"
"130","@stocki363","RT @Seven4wakeup: @CVP_PDC Gibts darauf noch eine Antwort oder verweigert ihr weiterhin Konsequent eine faire Debatte?
#Vollgeld #Vollgeldinitiative 
https://t.co/THKg6tLJQA","http://twitter.com/stocki363/status/987637666970730496",2018-04-21 12:22:00,2018,16,2018-04-21,"RT @Seven4wakeup:","c(""#vollgeld "", ""#vollgeldinitiative "")"
"131","@pearldiver99","@srfnews Für ein wenig mediale Aufmerksamkeit würden die Initianden wohl auch noch über den Bundesplatz flitzen ... #Vollgeld","http://twitter.com/pearldiver99/status/987639392377430018",2018-04-21 12:29:00,2018,16,2018-04-21,NA,"#vollgeld"
"132","@Seven4wakeup","«Wir sind der Meinung, dass unser Abstimmungsbüchlein sehr sorgfältig erstellt wurde, mit allen Experten, die zur Verfügung stehen», sagte Ueli Maurer.
Im #Abstimmungsbüchlein steht aber kein Wort darüber, dass auch Darlehen an Banken vergeben werden können. <f0><U+009F><U+00A4><U+0094>

#Vollgeld #abst18 https://t.co/04tlh8toGG","http://twitter.com/Seven4wakeup/status/987642426838876160",2018-04-21 12:41:00,2018,16,2018-04-21,NA,"c(""#abstimmungsbüchlein "", ""#vollgeld "", ""#abst18 "")"
"133","@gabisoft","RT @srfnews: Initianten der #Vollgeld-Initiative haben ihre Ankündigung wahrgemacht und eine #Abstimmungsbeschwerde eingereicht. https://t.co/gnbtMQzWGv ^sh","http://twitter.com/gabisoft/status/987642512130134017",2018-04-21 12:41:00,2018,16,2018-04-21,"RT @srfnews:","c(""#vollgeld-initiative "", ""#abstimmungsbeschwerde "")"
"134","@gabisoft","RT @Tobias_Hendry: @Sanwaechter Dann doch lieber in der demokratisch kontrollierten Hand der SNB, als in der Hand der Privatbanken. Bei Polizei und Gerichten hat auch der Staat ein Monopol. Geldschöpfung ist auch ein service public.  #vollgeld JA","http://twitter.com/gabisoft/status/987642770956455936",2018-04-21 12:42:00,2018,16,2018-04-21,"RT @Tobias_Hendry:","#vollgeld "
"135","@gabisoft","RT @JungeGrueneZH: Parolenfassung: Wir sagen JA zur @Vollgeldreform! #Vollgeldinitiative #Vollgeld #abst18 #CHvote","http://twitter.com/gabisoft/status/987642872114634752",2018-04-21 12:43:00,2018,16,2018-04-21,"RT @JungeGrueneZH:","c(""#vollgeldinitiative "", ""#vollgeld "", ""#abst18 "", ""#chvote"")"
"136","@Seven4wakeup","Da fragt man sich schon, was da passiert ist. Herrschte bei diesen Experten kollektive Blindheit? Oder war das Absicht?Besonders peinlich ist ja, dass es im gleichen Abschnitt wie die viel zitierte schuldfreie Ausgabe von Geld steht!
#Vollgeldinitiative #CHvote #abst18 #Vollgeld","http://twitter.com/Seven4wakeup/status/987643311954460672",2018-04-21 12:44:00,2018,16,2018-04-21,NA,"c(""#vollgeldinitiative "", ""#chvote "", ""#abst18 "", ""#vollgeld"")"
"137","@Tobias_Hendry","@CVP_PDC @gerhardpfister Die CVP verbreitet absichtlich Falschinformationen zur Vollgeldinitiative und verweigert den Dialog. https://t.co/oSjDyW6hmM","http://twitter.com/Tobias_Hendry/status/987645820576108546",2018-04-21 12:54:00,2018,16,2018-04-21,NA,"character(0)"
"138","@schweiz","Haben Bundesrat und SNB nicht korrekt zur Vollgeld-Initiative informiert?: Die angekündigte Beschwerde zur Vollgeld-Initiative ist eingereicht worden. Darin wird die Information von Nationalbank und Bundesrat kritisiert. https://t.co/JxoF5OnJiN https://t.co/ZGdzyo34ti","http://twitter.com/schweiz/status/987646121219575809",2018-04-21 12:55:00,2018,16,2018-04-21,NA,"character(0)"
"139","@gabisoft","RT @Seven4wakeup: @BDPSchweiz @SNB_BNS_de @vollgeld_nein In den letzten 50 Jahren wurde das Finanzsystem x mal komplett umgekrempelt, allein der Zahlungsverkehr lässt sich nicht im Traum mehr mit dem von 50 Jahren vergleichen. Allein die Aufhebung des Goldstandart z.B war ein weit größerer Eingriff als #Vollgeld!","http://twitter.com/gabisoft/status/987646189112840192",2018-04-21 12:56:00,2018,16,2018-04-21,"RT @Seven4wakeup:","#vollgeld!"
"140","@gabisoft","RT @hermanneichhorn: Ich frage mich in den letzten Tagen des öfteren, woran all die Politiker von links und rechts dachten, als sie gegen #Vollgeld gestummen haben. Hatten sie sich wirklich gut informiert? Sind wir, die Befürworter, etwa blind oder sind die Banken-Lobbies einfach so stark etabliert?","http://twitter.com/gabisoft/status/987650625235243010",2018-04-21 13:13:00,2018,16,2018-04-21,"RT @hermanneichhorn:","#vollgeld "
"141","@LuzernerZeitung","«Haarsträubende #Falschaussagen»: Das #Initiativkomitee hat die angekündigte #Abstimmungsbeschwerde wegen #Fehlinformation über die #Vollgeld-#Initiative eingereicht. 
https://t.co/vBz3wPfylc","http://twitter.com/LuzernerZeitung/status/987656955740278785",2018-04-21 13:39:00,2018,16,2018-04-21,NA,"c(""#falschaussagen»: "", ""#initiativkomitee "", ""#abstimmungsbeschwerde "", ""#fehlinformation "", ""#vollgeld-#initiative "")"
"142","@stocki363","RT @Seven4wakeup: «Wir sind der Meinung, dass unser Abstimmungsbüchlein sehr sorgfältig erstellt wurde, mit allen Experten, die zur Verfügung stehen», sagte Ueli Maurer.
Im #Abstimmungsbüchlein steht aber kein Wort darüber, dass auch Darlehen an Banken vergeben werden können. <f0><U+009F><U+00A4><U+0094>

#Vollgeld #abst18 https://t.co/04tlh8toGG","http://twitter.com/stocki363/status/987662700313567238",2018-04-21 14:01:00,2018,16,2018-04-21,"RT @Seven4wakeup:","c(""#abstimmungsbüchlein "", ""#vollgeld "", ""#abst18 "")"
"143","@stocki363","RT @Seven4wakeup: Da fragt man sich schon, was da passiert ist. Herrschte bei diesen Experten kollektive Blindheit? Oder war das Absicht?Besonders peinlich ist ja, dass es im gleichen Abschnitt wie die viel zitierte schuldfreie Ausgabe von Geld steht!
#Vollgeldinitiative #CHvote #abst18 #Vollgeld","http://twitter.com/stocki363/status/987662782710583299",2018-04-21 14:02:00,2018,16,2018-04-21,"RT @Seven4wakeup:","c(""#vollgeldinitiative "", ""#chvote "", ""#abst18 "", ""#vollgeld"")"
"144","@Vollgeldreform","@Tobias_Hendry @CVP_PDC @gerhardpfister Mit dem Ausmass an Falschinformationen über #Vollgeld hat sich die #<U+03FD>VP ihr neues Logo mehr als verdient! Hoch lebe die #<U+03FD>VP !!","http://twitter.com/Vollgeldreform/status/987664712375599105",2018-04-21 14:09:00,2018,16,2018-04-21,NA,"c(""#vollgeld "", ""#<u+03fd>vp "", ""#<u+03fd>vp "")"
"145","@flbergerDe","Grandiose kontroverse Diskussion über #Vollgeld zwischen Christian #Felber und Stephan #Schulmeister auf dem #tazlab, moderiert von Ulrike #Hermann.","http://twitter.com/flbergerDe/status/987674854328537091",2018-04-21 14:50:00,2018,16,2018-04-21,NA,"c(""#vollgeld "", ""#felber "", ""#schulmeister "", ""#tazlab, "", ""#hermann."")"
"146","@Monnaie_Pleine","Au tour de Philippe Mastronardi, professeur de droit émérite à l'Université de Saint Gall #banquenationale #imp #vollgeld #monnaiepleine https://t.co/VO2RoULsAU","http://twitter.com/Monnaie_Pleine/status/987676334238334976",2018-04-21 14:56:00,2018,16,2018-04-21,NA,"c(""#banquenationale "", ""#imp "", ""#vollgeld "", ""#monnaiepleine "")"
"147","@Monnaie_Pleine","""il n'y aura pas de restriction d'offre de crédit"" #philippemastronardi
#banquenationale #imp #vollgeld #monnaiepleine #initiativemonnaiepleine #congresmonnaiepleine","http://twitter.com/Monnaie_Pleine/status/987676879124647936",2018-04-21 14:58:00,2018,16,2018-04-21,NA,"c(""#philippemastronardi"", ""#banquenationale "", ""#imp "", ""#vollgeld "", ""#monnaiepleine "", ""#initiativemonnaiepleine "", ""#congresmonnaiepleine"")"
"148","@beaduparc","RT @Monnaie_Pleine: ""il n'y aura pas de restriction d'offre de crédit"" #philippemastronardi
#banquenationale #imp #vollgeld #monnaiepleine #initiativemonnaiepleine #congresmonnaiepleine","http://twitter.com/beaduparc/status/987676973160857600",2018-04-21 14:58:00,2018,16,2018-04-21,"RT @Monnaie_Pleine:","c(""#philippemastronardi"", ""#banquenationale "", ""#imp "", ""#vollgeld "", ""#monnaiepleine "", ""#initiativemonnaiepleine "", ""#congresmonnaiepleine"")"
"149","@beaduparc","""Le sytème #MonnaiePleine sauve notre argent même quand les banques ne fonctionnent plus""
#philippemastronardi
#banquenationale #imp #vollgeld #initiativemonnaiepleine #congresmonnaiepleine","http://twitter.com/beaduparc/status/987677246486974464",2018-04-21 14:59:00,2018,16,2018-04-21,NA,"c(""#monnaiepleine "", ""#philippemastronardi"", ""#banquenationale "", ""#imp "", ""#vollgeld "", ""#initiativemonnaiepleine "", ""#congresmonnaiepleine"")"
"150","@Monnaie_Pleine","""Le sytème #MonnaiePleine sauve notre argent même quand les banques ne fonctionnent plus""
#philippemastronardi
#banquenationale #imp #vollgeld #initiativemonnaiepleine #congresmonnaiepleine","http://twitter.com/Monnaie_Pleine/status/987677363747123200",2018-04-21 15:00:00,2018,16,2018-04-21,NA,"c(""#monnaiepleine "", ""#philippemastronardi"", ""#banquenationale "", ""#imp "", ""#vollgeld "", ""#initiativemonnaiepleine "", ""#congresmonnaiepleine"")"
"151","@beaduparc","RT @CdeMontpellier: New piece! The Swiss vote on the monetary system #vollgeld #monnaiepleine | https://t.co/TzFluQZDN9","http://twitter.com/beaduparc/status/987677492461883394",2018-04-21 15:00:00,2018,16,2018-04-21,"RT @CdeMontpellier:","c(""#vollgeld "", ""#monnaiepleine "")"
"152","@beaduparc","""Nous garantissons les dépôts bancaires sans devoir sauver les banques""
#philippemastronardi
#banquenationale #imp #vollgeld #initiativemonnaiepleine #congresmonnaiepleine","http://twitter.com/beaduparc/status/987678207641112577",2018-04-21 15:03:00,2018,16,2018-04-21,NA,"c(""#philippemastronardi"", ""#banquenationale "", ""#imp "", ""#vollgeld "", ""#initiativemonnaiepleine "", ""#congresmonnaiepleine"")"
"153","@Monnaie_Pleine","""La monnaie est un des domaines les plus mal connus de tous les milieux""#monnaiepleine
#christiangomez #imp #vollgeld #initiativemonnaiepleine #congresmonnaiepleine","http://twitter.com/Monnaie_Pleine/status/987678812199628800",2018-04-21 15:05:00,2018,16,2018-04-21,NA,"c(""#monnaiepleine"", ""#christiangomez "", ""#imp "", ""#vollgeld "", ""#initiativemonnaiepleine "", ""#congresmonnaiepleine"")"
"154","@beaduparc","RT @Monnaie_Pleine: ""La monnaie est un des domaines les plus mal connus de tous les milieux""#monnaiepleine
#christiangomez #imp #vollgeld #initiativemonnaiepleine #congresmonnaiepleine","http://twitter.com/beaduparc/status/987679249887875072",2018-04-21 15:07:00,2018,16,2018-04-21,"RT @Monnaie_Pleine:","c(""#monnaiepleine"", ""#christiangomez "", ""#imp "", ""#vollgeld "", ""#initiativemonnaiepleine "", ""#congresmonnaiepleine"")"
"155","@beaduparc","RT @Monnaie_Pleine: ""Le sytème #MonnaiePleine sauve notre argent même quand les banques ne fonctionnent plus""
#philippemastronardi
#banquenationale #imp #vollgeld #initiativemonnaiepleine #congresmonnaiepleine","http://twitter.com/beaduparc/status/987679288039272455",2018-04-21 15:07:00,2018,16,2018-04-21,"RT @Monnaie_Pleine:","c(""#monnaiepleine "", ""#philippemastronardi"", ""#banquenationale "", ""#imp "", ""#vollgeld "", ""#initiativemonnaiepleine "", ""#congresmonnaiepleine"")"
"156","@Monnaie_Pleine","""Nous démystifions la propagande de peur de nos adversaires""
#monnaiepleine
#christiangomez #imp #vollgeld #initiativemonnaiepleine #congresmonnaiepleine https://t.co/KExJLVfShF","http://twitter.com/Monnaie_Pleine/status/987681686237470720",2018-04-21 15:17:00,2018,16,2018-04-21,NA,"c(""#monnaiepleine"", ""#christiangomez "", ""#imp "", ""#vollgeld "", ""#initiativemonnaiepleine "", ""#congresmonnaiepleine "")"
"157","@beaduparc","RT @Monnaie_Pleine: ""Nous démystifions la propagande de peur de nos adversaires""
#monnaiepleine
#christiangomez #imp #vollgeld #initiativemonnaiepleine #congresmonnaiepleine https://t.co/KExJLVfShF","http://twitter.com/beaduparc/status/987681762456358912",2018-04-21 15:17:00,2018,16,2018-04-21,"RT @Monnaie_Pleine:","c(""#monnaiepleine"", ""#christiangomez "", ""#imp "", ""#vollgeld "", ""#initiativemonnaiepleine "", ""#congresmonnaiepleine "")"
"158","@Monnaie_Pleine","""Si on veut éliminer la finance casino, on doit commencer par la #monnaiepleine ""
#christiangomez #imp #vollgeld #initiativemonnaiepleine #congresmonnaiepleine","http://twitter.com/Monnaie_Pleine/status/987682197091045376",2018-04-21 15:19:00,2018,16,2018-04-21,NA,"c(""#monnaiepleine "", ""#christiangomez "", ""#imp "", ""#vollgeld "", ""#initiativemonnaiepleine "", ""#congresmonnaiepleine"")"
"159","@beaduparc","RT @Monnaie_Pleine: ""Si on veut éliminer la finance casino, on doit commencer par la #monnaiepleine ""
#christiangomez #imp #vollgeld #initiativemonnaiepleine #congresmonnaiepleine","http://twitter.com/beaduparc/status/987682291962007552",2018-04-21 15:19:00,2018,16,2018-04-21,"RT @Monnaie_Pleine:","c(""#monnaiepleine "", ""#christiangomez "", ""#imp "", ""#vollgeld "", ""#initiativemonnaiepleine "", ""#congresmonnaiepleine"")"
"160","@Monnaie_Pleine","""Il n'y a aucun risque d'insuffisance d'épargne avec la #monnaiepleine ""
#christiangomez #imp #vollgeld #initiativemonnaiepleine #congresmonnaiepleine https://t.co/rUCuAX5WOg","http://twitter.com/Monnaie_Pleine/status/987682535894339592",2018-04-21 15:20:00,2018,16,2018-04-21,NA,"c(""#monnaiepleine "", ""#christiangomez "", ""#imp "", ""#vollgeld "", ""#initiativemonnaiepleine "", ""#congresmonnaiepleine "")"
"161","@beaduparc","RT @Monnaie_Pleine: ""Il n'y a aucun risque d'insuffisance d'épargne avec la #monnaiepleine ""
#christiangomez #imp #vollgeld #initiativemonnaiepleine #congresmonnaiepleine https://t.co/rUCuAX5WOg","http://twitter.com/beaduparc/status/987682607080071168",2018-04-21 15:20:00,2018,16,2018-04-21,"RT @Monnaie_Pleine:","c(""#monnaiepleine "", ""#christiangomez "", ""#imp "", ""#vollgeld "", ""#initiativemonnaiepleine "", ""#congresmonnaiepleine "")"
"162","@Waltika","RT @Monnaie_Pleine: ""il n'y aura pas de restriction d'offre de crédit"" #philippemastronardi
#banquenationale #imp #vollgeld #monnaiepleine #initiativemonnaiepleine #congresmonnaiepleine","http://twitter.com/Waltika/status/987682844100169729",2018-04-21 15:21:00,2018,16,2018-04-21,"RT @Monnaie_Pleine:","c(""#philippemastronardi"", ""#banquenationale "", ""#imp "", ""#vollgeld "", ""#monnaiepleine "", ""#initiativemonnaiepleine "", ""#congresmonnaiepleine"")"
"163","@fareedaasf","RT @Monnaie_Pleine: ""il n'y aura pas de restriction d'offre de crédit"" #philippemastronardi
#banquenationale #imp #vollgeld #monnaiepleine #initiativemonnaiepleine #congresmonnaiepleine","http://twitter.com/fareedaasf/status/987683445043167232",2018-04-21 15:24:00,2018,16,2018-04-21,"RT @Monnaie_Pleine:","c(""#philippemastronardi"", ""#banquenationale "", ""#imp "", ""#vollgeld "", ""#monnaiepleine "", ""#initiativemonnaiepleine "", ""#congresmonnaiepleine"")"
"164","@beaduparc","""Il n'y a aucun risque d'insuffisance d'épargne avec la #monnaiepleine ""
#christiangomez #imp #vollgeld #initiativemonnaiepleine #congresmonnaiepleine https://t.co/QUBTU0Qi2s","http://twitter.com/beaduparc/status/987685637171052544",2018-04-21 15:33:00,2018,16,2018-04-21,NA,"c(""#monnaiepleine "", ""#christiangomez "", ""#imp "", ""#vollgeld "", ""#initiativemonnaiepleine "", ""#congresmonnaiepleine "")"
"165","@Monnaie_Pleine","""Il n'y a aucun risque d'insuffisance d'épargne avec la #monnaiepleine ""
#christiangomez #imp #vollgeld #initiativemonnaiepleine #congresmonnaiepleine https://t.co/M7qNaAkwCg","http://twitter.com/Monnaie_Pleine/status/987685744046166017",2018-04-21 15:33:00,2018,16,2018-04-21,NA,"c(""#monnaiepleine "", ""#christiangomez "", ""#imp "", ""#vollgeld "", ""#initiativemonnaiepleine "", ""#congresmonnaiepleine "")"
"166","@beaduparc","RT @Monnaie_Pleine: ""Il n'y a aucun risque d'insuffisance d'épargne avec la #monnaiepleine ""
#christiangomez #imp #vollgeld #initiativemonnaiepleine #congresmonnaiepleine https://t.co/M7qNaAkwCg","http://twitter.com/beaduparc/status/987685842679422981",2018-04-21 15:33:00,2018,16,2018-04-21,"RT @Monnaie_Pleine:","c(""#monnaiepleine "", ""#christiangomez "", ""#imp "", ""#vollgeld "", ""#initiativemonnaiepleine "", ""#congresmonnaiepleine "")"
"167","@Nightingal_news","Zankapfel #Vollgeld-Initiative - Initianten reichen Abstimmungsbeschwerde ein - News - SRF https://t.co/PgRQagNHhE","http://twitter.com/Nightingal_news/status/987688300759699456",2018-04-21 15:43:00,2018,16,2018-04-21,NA,"#vollgeld-initiative "
"168","@Seven4wakeup","@AlainS1991 Das waren nicht die Initianten, sondern ein Befürworter.
Aber mal im Ernst, findes du wirklich, dass der Bundesrat die Initiative sachlich und korrekt dargelegt hat?
Ist es nicht peinlich, wenn man z.B die Möglichkeit, Darlehen an Banken zu vergeben, einfach weglässt? 
#Vollgeld","http://twitter.com/Seven4wakeup/status/987694902388674561",2018-04-21 16:09:00,2018,16,2018-04-21,NA,"#vollgeld"
"169","@Monnaie_Pleine","""Ce sont vos impôts qui paient les intérêts de la dette"" Jean-Pierre Roth, ex directeur de la BNS. Sans sourciller...
#monnaiepleine #imp #vollgeld","http://twitter.com/Monnaie_Pleine/status/987703230103769090",2018-04-21 16:42:00,2018,16,2018-04-21,NA,"c(""#monnaiepleine "", ""#imp "", ""#vollgeld"")"
"170","@beaduparc","RT @Monnaie_Pleine: ""Ce sont vos impôts qui paient les intérêts de la dette"" Jean-Pierre Roth, ex directeur de la BNS. Sans sourciller...
#monnaiepleine #imp #vollgeld","http://twitter.com/beaduparc/status/987703267755986946",2018-04-21 16:43:00,2018,16,2018-04-21,"RT @Monnaie_Pleine:","c(""#monnaiepleine "", ""#imp "", ""#vollgeld"")"
"171","@MarkusEhrler","Sympathisant  #Vollgeld-Initiative reicht Beschwerde ein https://t.co/SoiQlmzdzZ @nzz Vollgeld bleibt so lange 1 Illusion, wie ihm unterliegende Markt-Segmente im Innern und gegen aussen polit-unterdrueckt nicht symbiotisch interdependent gleichgewichtsfindend frei sein duerfen.","http://twitter.com/MarkusEhrler/status/987703300618379264",2018-04-21 16:43:00,2018,16,2018-04-21,NA,"#vollgeld-initiative "
"172","@Tobias_Hendry","RT @Seven4wakeup: «Wir sind der Meinung, dass unser Abstimmungsbüchlein sehr sorgfältig erstellt wurde, mit allen Experten, die zur Verfügung stehen», sagte Ueli Maurer.
Im #Abstimmungsbüchlein steht aber kein Wort darüber, dass auch Darlehen an Banken vergeben werden können. <f0><U+009F><U+00A4><U+0094>

#Vollgeld #abst18 https://t.co/04tlh8toGG","http://twitter.com/Tobias_Hendry/status/987703302589730816",2018-04-21 16:43:00,2018,16,2018-04-21,"RT @Seven4wakeup:","c(""#abstimmungsbüchlein "", ""#vollgeld "", ""#abst18 "")"
"173","@Tobias_Hendry","RT @JungeGrueneZH: Parolenfassung: Wir sagen JA zur @Vollgeldreform! #Vollgeldinitiative #Vollgeld #abst18 #CHvote","http://twitter.com/Tobias_Hendry/status/987703468382212097",2018-04-21 16:43:00,2018,16,2018-04-21,"RT @JungeGrueneZH:","c(""#vollgeldinitiative "", ""#vollgeld "", ""#abst18 "", ""#chvote"")"
"174","@Tobias_Hendry","RT @Vollgeldreform: #Vollgeld-Abstimmung: Beschwerde gegen #Nationalbank,  Konferenz der kantonalen #Finanzdirektoren und #Bundesrat eingereicht. Insgesamt unsachliche &amp; wahrheitswidrige Kommunikation im Vorfeld der Abstimmung vom 10. Juni.  - https://t.co/b8xOaiRfcr 
#Abst18 #SNB","http://twitter.com/Tobias_Hendry/status/987703572610666496",2018-04-21 16:44:00,2018,16,2018-04-21,"RT @Vollgeldreform:","c(""#vollgeld-abstimmung: "", ""#nationalbank, "", ""#finanzdirektoren "", ""#bundesrat "", ""#abst18 "", ""#snb"")"
"175","@AndreasSprecher","RT @Vollgeldreform: #Vollgeld-Abstimmung: Beschwerde gegen #Nationalbank,  Konferenz der kantonalen #Finanzdirektoren und #Bundesrat eingereicht. Insgesamt unsachliche &amp; wahrheitswidrige Kommunikation im Vorfeld der Abstimmung vom 10. Juni.  - https://t.co/b8xOaiRfcr 
#Abst18 #SNB","http://twitter.com/AndreasSprecher/status/987704407793000449",2018-04-21 16:47:00,2018,16,2018-04-21,"RT @Vollgeldreform:","c(""#vollgeld-abstimmung: "", ""#nationalbank, "", ""#finanzdirektoren "", ""#bundesrat "", ""#abst18 "", ""#snb"")"
"176","@Monnaie_Pleine","Salle comble pour le Congrès Monnaie Pleine aujourd'hui! Des débats passionnants et passionnés <f0><U+009F><U+0098><U+0080>#imp #monnaiepleine #vollgeld https://t.co/WZP47GhI5H","http://twitter.com/Monnaie_Pleine/status/987706759514087424",2018-04-21 16:56:00,2018,16,2018-04-21,NA,"c(""#imp "", ""#monnaiepleine "", ""#vollgeld "")"
"177","@beaduparc","RT @Monnaie_Pleine: Salle comble pour le Congrès Monnaie Pleine aujourd'hui! Des débats passionnants et passionnés <f0><U+009F><U+0098><U+0080>#imp #monnaiepleine #vollgeld https://t.co/WZP47GhI5H","http://twitter.com/beaduparc/status/987706797703290881",2018-04-21 16:57:00,2018,16,2018-04-21,"RT @Monnaie_Pleine:","c(""#imp "", ""#monnaiepleine "", ""#vollgeld "")"
"178","@JFAargau","RT @fabiangrepper: #Vollgeld Initiative wird am Parteitag der @JFAargau einstimmig abgelehnt! <f0><U+009F><U+0092><U+00AA><f0><U+009F><U+008F><U+00BB>
. 
@vollgeld_nein @Vollgeldreform
@Jungfreisinnige","http://twitter.com/JFAargau/status/987706986962804736",2018-04-21 16:57:00,2018,16,2018-04-21,"RT @fabiangrepper:","#vollgeld "
"179","@JFAargau","RT @FDP_Liberalen: Nein zum schädlichen Vollgeld-Experiment.
Jetzt engagieren: https://t.co/XpKDO3H6SO
#VollgeldNein https://t.co/UDdwyiPT3o","http://twitter.com/JFAargau/status/987707057259376640",2018-04-21 16:58:00,2018,16,2018-04-21,"RT @FDP_Liberalen:","#vollgeldnein "
"180","@X_crossss","RT @AlainS1991: #Vollgeld - Gut gemeint ist das Gegenteil von gut. https://t.co/QbRPrc5Oyw","http://twitter.com/X_crossss/status/987712092395524096",2018-04-21 17:18:00,2018,16,2018-04-21,"RT @AlainS1991:","#vollgeld "
"181","@Monnaie_Pleine","""La question est : Qui doit avoir le droit de créer la monnaie?"" Jean-Marc Heim #imp #monnaiepleine #Vollgeld","http://twitter.com/Monnaie_Pleine/status/987725924513845248",2018-04-21 18:13:00,2018,16,2018-04-21,NA,"c(""#imp "", ""#monnaiepleine "", ""#vollgeld"")"
"182","@Seven4wakeup","Wenn man als #Bundesrat mit ""Kreditklemmen"" und ""die Nationalbank kann die Geldmenge nicht verringern"" Argumentiert, würde ich Darlehen an #Banken auch nicht erwähnen...
Das würde ja gleich beide Argumente vom Tisch fegen! <f0><U+009F><U+00A4><U+00A6><f0><U+009F><U+008F><U+00BC><U+200D><U+2642><U+FE0F>

#Vollgeld #Vollgeldinitiative #abst18 #CHvote https://t.co/s2AQpM3Vdk","http://twitter.com/Seven4wakeup/status/987732946298769408",2018-04-21 18:41:00,2018,16,2018-04-21,NA,"c(""#bundesrat "", ""#banken "", ""#vollgeld "", ""#vollgeldinitiative "", ""#abst18 "", ""#chvote "")"
"183","@Tobias_Hendry","RT @Seven4wakeup: Wenn man als #Bundesrat mit ""Kreditklemmen"" und ""die Nationalbank kann die Geldmenge nicht verringern"" Argumentiert, würde ich Darlehen an #Banken auch nicht erwähnen...
Das würde ja gleich beide Argumente vom Tisch fegen! <f0><U+009F><U+00A4><U+00A6><f0><U+009F><U+008F><U+00BC><U+200D><U+2642><U+FE0F>

#Vollgeld #Vollgeldinitiative #abst18 #CHvote https://t.co/s2AQpM3Vdk","http://twitter.com/Tobias_Hendry/status/987736690646245376",2018-04-21 18:55:00,2018,16,2018-04-21,"RT @Seven4wakeup:","c(""#bundesrat "", ""#banken "", ""#vollgeld "", ""#vollgeldinitiative "", ""#abst18 "", ""#chvote "")"
"184","@stocki363","RT @Seven4wakeup: Wenn man als #Bundesrat mit ""Kreditklemmen"" und ""die Nationalbank kann die Geldmenge nicht verringern"" Argumentiert, würde ich Darlehen an #Banken auch nicht erwähnen...
Das würde ja gleich beide Argumente vom Tisch fegen! <f0><U+009F><U+00A4><U+00A6><f0><U+009F><U+008F><U+00BC><U+200D><U+2642><U+FE0F>

#Vollgeld #Vollgeldinitiative #abst18 #CHvote https://t.co/s2AQpM3Vdk","http://twitter.com/stocki363/status/987741228098838528",2018-04-21 19:13:00,2018,16,2018-04-21,"RT @Seven4wakeup:","c(""#bundesrat "", ""#banken "", ""#vollgeld "", ""#vollgeldinitiative "", ""#abst18 "", ""#chvote "")"
"185","@tadamzh","Die @jevp_ch beschliesst die Nein Parole zum #Vollgeld und Stimmfreigabe beim #Geldspielgesetz.","http://twitter.com/tadamzh/status/987750062968266753",2018-04-21 19:49:00,2018,16,2018-04-21,NA,"c(""#vollgeld "", ""#geldspielgesetz."")"
"186","@Knackeboul","frage: wieso stellen sich mir bei der #vollgeldinitiative trotz durchaus nachvollziehbaren argumenten und vertrauenswürdigen befürwortern irgendwie die nackenhaare auf?","http://twitter.com/Knackeboul/status/987782939793608704",2018-04-21 21:59:00,2018,16,2018-04-21,NA,"#vollgeldinitiative "
"187","@Ravi_Shiferaw","RT @Monnaie_Pleine: ""Ce sont vos impôts qui paient les intérêts de la dette"" Jean-Pierre Roth, ex directeur de la BNS. Sans sourciller...
#monnaiepleine #imp #vollgeld","http://twitter.com/Ravi_Shiferaw/status/987802626241843200",2018-04-21 23:17:00,2018,16,2018-04-21,"RT @Monnaie_Pleine:","c(""#monnaiepleine "", ""#imp "", ""#vollgeld"")"
"188","@RolfMll35367465","#vollgeld vollgekleckert https://t.co/gUlMGWhqUk","http://twitter.com/RolfMll35367465/status/987805149270814720",2018-04-21 23:27:00,2018,16,2018-04-21,NA,"#vollgeld "
"189","@pearldiver99","@Seven4wakeup @srfnews Wichtige Eigenschaften der Initiative kannst Du in der Pfeife rauchen ... #Vollgeld","http://twitter.com/pearldiver99/status/987812282934624256",2018-04-21 23:56:00,2018,16,2018-04-21,NA,"#vollgeld"
"190","@Nightingal_news","#Vollgeld – kurz erklärt - SWI https://t.co/DRYJryn3m9 https://t.co/6zATTPEzrh","http://twitter.com/Nightingal_news/status/987813614106103808",2018-04-22 00:01:00,2018,16,2018-04-22,NA,"#vollgeld "
"191","@Seven4wakeup","@redder66 @Knackeboul Die Bankenlobby fährt eine gewaltige Angstkampagne, sie verlieren ja mit der #Vollgeldinitiative auch ihre Sonderprivilegen &amp; ihre Zwangs-Bürgerversicherung.
Zwei Argumente möchte ich entkräftet.
1. Alleingang sei unmöglich:
https://t.co/3mL6UCByS3","http://twitter.com/Seven4wakeup/status/987813711569215489",2018-04-22 00:01:00,2018,16,2018-04-22,NA,"#vollgeldinitiative "
"192","@Seven4wakeup","@redder66 @Knackeboul 2. #Vollgeld sei ein Experiment (es gab oder gibt  jedes Element der Vollgeldinitiative schon/noch): 
https://t.co/BK9u0u2tgb","http://twitter.com/Seven4wakeup/status/987814365981224960",2018-04-22 00:04:00,2018,16,2018-04-22,NA,"#vollgeld "
"193","@repfe","RT @tadamzh: Die @jevp_ch beschliesst die Nein Parole zum #Vollgeld und Stimmfreigabe beim #Geldspielgesetz.","http://twitter.com/repfe/status/987815704928940035",2018-04-22 00:09:00,2018,16,2018-04-22,"RT @tadamzh:","c(""#vollgeld "", ""#geldspielgesetz."")"
"194","@mentiri_ch","RT @Vollgeldreform: Die Macher der Vollgeld-Initiative fahren scharfes Geschütz auf. Sie haben am Freitag beim Aargauer Regierungsrat eine Abstimmungsbeschwerde wegen Fehlinformation eingereicht! 

#vollgeld #abst18 #chvote

https://t.co/ktMNuPh9gC","http://twitter.com/mentiri_ch/status/987817434622169088",2018-04-22 00:16:00,2018,16,2018-04-22,"RT @Vollgeldreform:","c(""#vollgeld "", ""#abst18 "", ""#chvote"")"
"195","@wahlch15","RT @tadamzh: Die @jevp_ch beschliesst die Nein Parole zum #Vollgeld und Stimmfreigabe beim #Geldspielgesetz.","http://twitter.com/wahlch15/status/987825719769169920",2018-04-22 00:49:00,2018,16,2018-04-22,"RT @tadamzh:","c(""#vollgeld "", ""#geldspielgesetz."")"
"196","@Tobias_Hendry","@salegen Solange die Banken das Geld für ihre Kredite selber herstellen können, besitzen sie die Macht über uns. Sie sind daran interessiert, dass wir uns weiter verschulden und dass ihr Buchgeld ""arbeiten"" kann mit Zinsen. Wer dies nicht will, sagt am 10. Juni JA zur #Vollgeldinitiative.","http://twitter.com/Tobias_Hendry/status/987838339100364802",2018-04-22 01:39:00,2018,16,2018-04-22,NA,"#vollgeldinitiative."
"197","@Seven4wakeup","RT @Tobias_Hendry: @salegen Solange die Banken das Geld für ihre Kredite selber herstellen können, besitzen sie die Macht über uns. Sie sind daran interessiert, dass wir uns weiter verschulden und dass ihr Buchgeld ""arbeiten"" kann mit Zinsen. Wer dies nicht will, sagt am 10. Juni JA zur #Vollgeldinitiative.","http://twitter.com/Seven4wakeup/status/987844544904548353",2018-04-22 02:04:00,2018,16,2018-04-22,"RT @Tobias_Hendry:","#vollgeldinitiative."
"198","@Seven4wakeup","@RuediNoser ist nicht nur gegen die #Vollgeldinitiative, sondern er will auch, dass Banken ihre Bussen von den Steuern abziehen können...
Tja, da weiss man wenigsten, für wen er kämpft..
#Vollgeld #abst18 #CHvote https://t.co/YNGxWkn4Z4","http://twitter.com/Seven4wakeup/status/987845344326311936",2018-04-22 02:07:00,2018,16,2018-04-22,NA,"c(""#vollgeldinitiative, "", ""#vollgeld "", ""#abst18 "", ""#chvote "")"
"199","@Tobias_Hendry","RT @Tobias_Hendry: @salegen Solange die Banken das Geld für ihre Kredite selber herstellen können, besitzen sie die Macht über uns. Sie sind daran interessiert, dass wir uns weiter verschulden und dass ihr Buchgeld ""arbeiten"" kann mit Zinsen. Wer dies nicht will, sagt am 10. Juni JA zur #Vollgeldinitiative.","http://twitter.com/Tobias_Hendry/status/987848866669178880",2018-04-22 02:21:00,2018,16,2018-04-22,"RT @Tobias_Hendry:","#vollgeldinitiative."
"200","@Tobias_Hendry","Sollen private Banken Geld aus dem Nichts schöpfen können und diese auch per Kredit gewinnbringend anbieten? #Vollgeld NEIN

Oder soll nur die demokratisch legitimierte Institution dies machen dürfen. Banken sollen aber weiterhin für Kredite zuständig sein. #Vollgeld JA.","http://twitter.com/Tobias_Hendry/status/987854016783798275",2018-04-22 02:42:00,2018,16,2018-04-22,NA,"c(""#vollgeld "", ""#vollgeld "")"
"201","@stocki363","RT @Tobias_Hendry: Sollen private Banken Geld aus dem Nichts schöpfen können und diese auch per Kredit gewinnbringend anbieten? #Vollgeld NEIN

Oder soll nur die demokratisch legitimierte Institution dies machen dürfen. Banken sollen aber weiterhin für Kredite zuständig sein. #Vollgeld JA.","http://twitter.com/stocki363/status/987926152462430208",2018-04-22 07:28:00,2018,16,2018-04-22,"RT @Tobias_Hendry:","c(""#vollgeld "", ""#vollgeld "")"
"202","@stocki363","RT @Tobias_Hendry: @salegen Solange die Banken das Geld für ihre Kredite selber herstellen können, besitzen sie die Macht über uns. Sie sind daran interessiert, dass wir uns weiter verschulden und dass ihr Buchgeld ""arbeiten"" kann mit Zinsen. Wer dies nicht will, sagt am 10. Juni JA zur #Vollgeldinitiative.","http://twitter.com/stocki363/status/987926318145826817",2018-04-22 07:29:00,2018,16,2018-04-22,"RT @Tobias_Hendry:","#vollgeldinitiative."
"203","@AndreasSprecher","#CHvote #MonnaiePlein #abst18 #Vollgeld  https://t.co/PzLhbHCRGO","http://twitter.com/AndreasSprecher/status/987967398190993408",2018-04-22 10:12:00,2018,16,2018-04-22,NA,"c(""#chvote "", ""#monnaieplein "", ""#abst18 "", ""#vollgeld "")"
"204","@BillyTusker","RT @BillyTusker: I'm giving a seminar next week @OfficialUoM @HCRInstitute 
""Volunteered geographic information (#VGI) and community #disaster #resilience: The good, the bad, &amp; the uncertain""
16:30 23 Apr, G.19, Mansfield Cooper Bdg. https://t.co/EfbQSHCdrj
@UoM_MCGIS @Sarah_J_Lindley #geography https://t.co/Hl3gRYmu1e","http://twitter.com/BillyTusker/status/987974158012375040",2018-04-22 10:39:00,2018,16,2018-04-22,"RT @BillyTusker:","c(""#vgi) "", ""#disaster "", ""#resilience: "", ""#geography "")"
"205","@Tobias_Hendry","Sollen private Banken Geld aus dem Nichts schöpfen können und diese auch per Kredit gewinnbringend anbieten? #Verschuldung

Oder soll nur die demokratisch legitimierte Institution (die SNB) dies machen. Banken sollen aber weiterhin für Kredite zuständig sein. #Vollgeld

#abst18","http://twitter.com/Tobias_Hendry/status/987978733440167937",2018-04-22 10:57:00,2018,16,2018-04-22,NA,"c(""#verschuldung"", ""#vollgeld"", ""#abst18"")"
"206","@TA_Politik","Fehlinformation im Abstimmungsbüchlein?https://t.co/SOdYgDASxq","http://twitter.com/TA_Politik/status/987979322345644034",2018-04-22 11:00:00,2018,16,2018-04-22,NA,"character(0)"
"207","@Tobias_Hendry","RT @Seven4wakeup: @RuediNoser ist nicht nur gegen die #Vollgeldinitiative, sondern er will auch, dass Banken ihre Bussen von den Steuern abziehen können...
Tja, da weiss man wenigsten, für wen er kämpft..
#Vollgeld #abst18 #CHvote https://t.co/YNGxWkn4Z4","http://twitter.com/Tobias_Hendry/status/987984584439664640",2018-04-22 11:20:00,2018,16,2018-04-22,"RT @Seven4wakeup:","c(""#vollgeldinitiative, "", ""#vollgeld "", ""#abst18 "", ""#chvote "")"
"208","@Vollgeldreform","FINANZMAG: Dass die Gefahren und mögliche Konsequenzen privater Geldschöpfung unterschätzt werden, zeigen die Umfragewerte vergangene Woche: Nur 37% der Schweizer befürworten die Idee des Vollgeldes! 
#vollgeld #abst18 #chvote

https://t.co/2PArsDYjgt","http://twitter.com/Vollgeldreform/status/987985783972868096",2018-04-22 11:25:00,2018,16,2018-04-22,NA,"c(""#vollgeld "", ""#abst18 "", ""#chvote"")"
"209","@Tobias_Hendry","RT @Vollgeldreform: FINANZMAG: Dass die Gefahren und mögliche Konsequenzen privater Geldschöpfung unterschätzt werden, zeigen die Umfragewerte vergangene Woche: Nur 37% der Schweizer befürworten die Idee des Vollgeldes! 
#vollgeld #abst18 #chvote

https://t.co/2PArsDYjgt","http://twitter.com/Tobias_Hendry/status/987987352328032256",2018-04-22 11:31:00,2018,16,2018-04-22,"RT @Vollgeldreform:","c(""#vollgeld "", ""#abst18 "", ""#chvote"")"
"210","@tagesanzeiger","RT @TA_Politik: Fehlinformation im Abstimmungsbüchlein?https://t.co/SOdYgDASxq","http://twitter.com/tagesanzeiger/status/987988732883161088",2018-04-22 11:37:00,2018,16,2018-04-22,"RT @TA_Politik:","character(0)"
"211","@gabisoft","Um 1600: ""Es ist wichtig zu mahnen, dass Bankiers eine Todsünde begehen, wenn sie ... so viel von dem Geld einsetzen, ..., dass sie später nicht in der Lage sind, zur rechten Zeit die Mengen auszuhändigen, ..."" Heute haben Banken 8-10% reserve!!! #Vollgeld https://t.co/h77kZj7FWx","http://twitter.com/gabisoft/status/987993009756278784",2018-04-22 11:54:00,2018,16,2018-04-22,NA,"#vollgeld "
"212","@Tobias_Hendry","RT @gabisoft: Um 1600: ""Es ist wichtig zu mahnen, dass Bankiers eine Todsünde begehen, wenn sie ... so viel von dem Geld einsetzen, ..., dass sie später nicht in der Lage sind, zur rechten Zeit die Mengen auszuhändigen, ..."" Heute haben Banken 8-10% reserve!!! #Vollgeld https://t.co/h77kZj7FWx","http://twitter.com/Tobias_Hendry/status/987993098440663041",2018-04-22 11:54:00,2018,16,2018-04-22,"RT @gabisoft:","#vollgeld "
"213","@schellerfamily1","RT @Vollgeldreform: FINANZMAG: Dass die Gefahren und mögliche Konsequenzen privater Geldschöpfung unterschätzt werden, zeigen die Umfragewerte vergangene Woche: Nur 37% der Schweizer befürworten die Idee des Vollgeldes! 
#vollgeld #abst18 #chvote

https://t.co/2PArsDYjgt","http://twitter.com/schellerfamily1/status/987998882377453568",2018-04-22 12:17:00,2018,16,2018-04-22,"RT @Vollgeldreform:","c(""#vollgeld "", ""#abst18 "", ""#chvote"")"
"214","@Ravi_Shiferaw","RT @beaduparc: ""Le sytème #MonnaiePleine sauve notre argent même quand les banques ne fonctionnent plus""
#philippemastronardi
#banquenationale #imp #vollgeld #initiativemonnaiepleine #congresmonnaiepleine","http://twitter.com/Ravi_Shiferaw/status/988001537682223106",2018-04-22 12:28:00,2018,16,2018-04-22,"RT @beaduparc:","c(""#monnaiepleine "", ""#philippemastronardi"", ""#banquenationale "", ""#imp "", ""#vollgeld "", ""#initiativemonnaiepleine "", ""#congresmonnaiepleine"")"
"215","@stocki363","RT @Vollgeldreform: FINANZMAG: Dass die Gefahren und mögliche Konsequenzen privater Geldschöpfung unterschätzt werden, zeigen die Umfragewerte vergangene Woche: Nur 37% der Schweizer befürworten die Idee des Vollgeldes! 
#vollgeld #abst18 #chvote

https://t.co/2PArsDYjgt","http://twitter.com/stocki363/status/988008094176301056",2018-04-22 12:54:00,2018,16,2018-04-22,"RT @Vollgeldreform:","c(""#vollgeld "", ""#abst18 "", ""#chvote"")"
"216","@stocki363","RT @Seven4wakeup: @SamKnocks Zur Klarstellung: ich meine mit meinem Tweet das heutige Finanzsystem. #Vollgeld befreit uns aus den ewigen Schulden und verhindert den unausweichlichen Schuldenkollaps..","http://twitter.com/stocki363/status/988008431633227776",2018-04-22 12:55:00,2018,16,2018-04-22,"RT @Seven4wakeup:","#vollgeld "
"217","@gabisoft","Unser derzeitiges Geldsystem ist einfach nur Kaputt: ""..., die Geldmenge durch Kreditausweitung ... zu erhöhen und das Preisniveau der Konsumgüter und Dienstleistungen konstant zu halten..."" führte in den Kolaps von 1929. 2018 und nicht weiter. #Vollgeld https://t.co/RjQPQMvYdO","http://twitter.com/gabisoft/status/988011429662986240",2018-04-22 13:07:00,2018,16,2018-04-22,NA,"#vollgeld "
"218","@Seven4wakeup","Die Geldschöpfung der Banken fügt Ihnen und den Menschen in Ihrer Umgebung erheblichen Schaden zu.

Für weitere Informationen konsultieren Sie bitte diese drei Seiten:
https://t.co/4DGsLWSQpI
https://t.co/TcjDToZTM9
https://t.co/cEO2jIKTBe

#Vollgeld #abst18 #CHvote #VGI","http://twitter.com/Seven4wakeup/status/988028615014191104",2018-04-22 14:15:00,2018,16,2018-04-22,NA,"c(""#vollgeld "", ""#abst18 "", ""#chvote "", ""#vgi"")"
"219","@hermanneichhorn","@PComunication @salegen @Voegizug Gewinne privat, Verluste sozial...
Mit #Vollgeld soll eine Internalisierung der negativen externen Effekte auf natürliche Art entstehen: Dann können Banken nur noch mit Geld, das sie auch wirklich haben und nicht an ihre Kunden schulden, Risiken (z.B. Aktienglücksspiel) eingehen.","http://twitter.com/hermanneichhorn/status/988038637546811392",2018-04-22 14:55:00,2018,16,2018-04-22,NA,"#vollgeld "
"220","@swissgoldvote","Do Swiss voters trust private banks and the Swiss National Bank? Both the #Vollgeld campaign and opponents of the initiative are likely to be focusing on trust surveys carried out in recent years #vollgeldinitiative #sovereignmoney #monnaiepleine #monetaintera #abst18 #chvote https://t.co/5WZiUjaKSs","http://twitter.com/swissgoldvote/status/988040363523833856",2018-04-22 15:02:00,2018,16,2018-04-22,NA,"c(""#vollgeld "", ""#vollgeldinitiative "", ""#sovereignmoney "", ""#monnaiepleine "", ""#monetaintera "", ""#abst18 "", ""#chvote "")"
"221","@swissgoldvote","ING analyst says ""Without a doubt, this (#Vollgeld) initiative has the merit of asking interesting questions on the modern monetary system and bringing light to systems that are not well known to the general public"" Full note: https://t.co/r3UaOVl6fu (PDF) #abst18 #chvote #10june https://t.co/B1fqA6Tmuw","http://twitter.com/swissgoldvote/status/988051932500692993",2018-04-22 15:48:00,2018,16,2018-04-22,NA,"c(""#vollgeld) "", ""#abst18 "", ""#chvote "", ""#10june "")"
"222","@NeueWegeSchweiz","RT @Seven4wakeup: Die Geldschöpfung der Banken fügt Ihnen und den Menschen in Ihrer Umgebung erheblichen Schaden zu.

Für weitere Informationen konsultieren Sie bitte diese drei Seiten:
https://t.co/4DGsLWSQpI
https://t.co/TcjDToZTM9
https://t.co/cEO2jIKTBe

#Vollgeld #abst18 #CHvote #VGI","http://twitter.com/NeueWegeSchweiz/status/988075656658513920",2018-04-22 17:22:00,2018,16,2018-04-22,"RT @Seven4wakeup:","c(""#vollgeld "", ""#abst18 "", ""#chvote "", ""#vgi"")"
"223","@stocki363","@NeueWegeSchweiz Hier scheint der ""deep state"" zu wirken.Konzentriertes,politisch aktives Geld zerstört eine Demokratie #bankenlobby
Allerdings braucht es dazu eine willfährige Polit-""Elite"":schwaches Lobby-Parlament,lausiger BR.
siehe #Waffenrecht #Vollgeld #VVG #TTIP
CH hat e. Scheindemokratie!","http://twitter.com/stocki363/status/988075801928138752",2018-04-22 17:23:00,2018,16,2018-04-22,NA,"c(""#bankenlobby"", ""#waffenrecht "", ""#vollgeld "", ""#vvg "", ""#ttip"")"
"224","@KarstenJetztBGE","RT @Seven4wakeup: Die Geldschöpfung der Banken fügt Ihnen und den Menschen in Ihrer Umgebung erheblichen Schaden zu.

Für weitere Informationen konsultieren Sie bitte diese drei Seiten:
https://t.co/4DGsLWSQpI
https://t.co/TcjDToZTM9
https://t.co/cEO2jIKTBe

#Vollgeld #abst18 #CHvote #VGI","http://twitter.com/KarstenJetztBGE/status/988076272143228928",2018-04-22 17:25:00,2018,16,2018-04-22,"RT @Seven4wakeup:","c(""#vollgeld "", ""#abst18 "", ""#chvote "", ""#vgi"")"
"225","@stocki363","RT @Seven4wakeup: Die Geldschöpfung der Banken fügt Ihnen und den Menschen in Ihrer Umgebung erheblichen Schaden zu.

Für weitere Informationen konsultieren Sie bitte diese drei Seiten:
https://t.co/4DGsLWSQpI
https://t.co/TcjDToZTM9
https://t.co/cEO2jIKTBe

#Vollgeld #abst18 #CHvote #VGI","http://twitter.com/stocki363/status/988076281064456192",2018-04-22 17:25:00,2018,16,2018-04-22,"RT @Seven4wakeup:","c(""#vollgeld "", ""#abst18 "", ""#chvote "", ""#vgi"")"
"226","@Tobias_Hendry","RT @Seven4wakeup: Die Geldschöpfung der Banken fügt Ihnen und den Menschen in Ihrer Umgebung erheblichen Schaden zu.

Für weitere Informationen konsultieren Sie bitte diese drei Seiten:
https://t.co/4DGsLWSQpI
https://t.co/TcjDToZTM9
https://t.co/cEO2jIKTBe

#Vollgeld #abst18 #CHvote #VGI","http://twitter.com/Tobias_Hendry/status/988076640612896770",2018-04-22 17:26:00,2018,16,2018-04-22,"RT @Seven4wakeup:","c(""#vollgeld "", ""#abst18 "", ""#chvote "", ""#vgi"")"
"227","@Veritatix","RT @Seven4wakeup: Die Geldschöpfung der Banken fügt Ihnen und den Menschen in Ihrer Umgebung erheblichen Schaden zu.

Für weitere Informationen konsultieren Sie bitte diese drei Seiten:
https://t.co/4DGsLWSQpI
https://t.co/TcjDToZTM9
https://t.co/cEO2jIKTBe

#Vollgeld #abst18 #CHvote #VGI","http://twitter.com/Veritatix/status/988080347387715587",2018-04-22 17:41:00,2018,16,2018-04-22,"RT @Seven4wakeup:","c(""#vollgeld "", ""#abst18 "", ""#chvote "", ""#vgi"")"
"228","@AndreasSprecher","RT @Seven4wakeup: Die Geldschöpfung der Banken fügt Ihnen und den Menschen in Ihrer Umgebung erheblichen Schaden zu.

Für weitere Informationen konsultieren Sie bitte diese drei Seiten:
https://t.co/4DGsLWSQpI
https://t.co/TcjDToZTM9
https://t.co/cEO2jIKTBe

#Vollgeld #abst18 #CHvote #VGI","http://twitter.com/AndreasSprecher/status/988117679524536321",2018-04-22 20:09:00,2018,16,2018-04-22,"RT @Seven4wakeup:","c(""#vollgeld "", ""#abst18 "", ""#chvote "", ""#vgi"")"
