"","screen_name","text","link","date","year","week","dmy","rt_user","hashtags","cld2","cld3"
"1","@RueeggThurgau","RT @CamilleLotheZH: Die SVP Zürich sagt mit 128 zu 90 Stimmen Nein zum Geldspielgesetz! Die Delegierten folgen damit den Argumenten der Jungen SVP und @NatalieRickli! Danke! #GSG #NEIN","http://twitter.com/RueeggThurgau/status/987050215269158912",2018-04-19 21:28:00,2018,16,2018-04-19,"RT @CamilleLotheZH:","c(""#gsg "", ""#nein"")","de","de"
"2","@Maha_Jina","@meierelias @rogerfederer @rado @ATPWorldTour @Internet_Zensur Es gibt Pokerspieler, die mit solchen Turnieren ihren Lebensunterhalt verdienen können. Die #Netzsperre #GSG würde dadurch neue Sozialbezüger generieren, die ihr Geld vom Steuerzahler erhalten würden - aber sicher nicht von inländischen Casinos.","http://twitter.com/Maha_Jina/status/987052942313377795",2018-04-19 21:38:00,2018,16,2018-04-19,NA,"c(""#netzsperre "", ""#gsg "")","de","de"
"3","@Maha_Jina","@geldspiel_ja Hanebüchener Unsinn. Spielsucht ist nicht ausländisch verursacht, das ist rassistisches Gedankengut. Mit Konzessionen für ausländische Casinos wären auch Geldwäsche und Betrug kein Thema. Es geht beim #GSG nur um Monopolismus, und öffnet als Präzendenzfall die Büchse der Pandora!","http://twitter.com/Maha_Jina/status/987064343463415808",2018-04-19 22:24:00,2018,16,2018-04-19,NA,"#gsg ","de","de"
"4","@roman_hae","RT @digiges_ch: Abstimmung am 10. Juni 2018:

Um der Allgemeinheit zu dienen und den Spielerschutz zu gewährleisten,  benötigt die Schweiz ein liberales #Geldspielgesetz ohne #Netzsperren!

https://t.co/jCZ5gTfc3Z #GeldspielgesetzNEIN","http://twitter.com/roman_hae/status/987064446001598464",2018-04-19 22:24:00,2018,16,2018-04-19,"RT @digiges_ch:","c(""#geldspielgesetz "", ""#netzsperren!"", ""#geldspielgesetznein"")","de","de"
"5","@BaSchaffner","RT @MBaerlocher: Dass @beatflach seine Krallen ausfahren wird, bezweifelt niemand. Die #Geldspielgesetz-Gegner in der SVP sind trotzdem irritiert, dass sie übergangen wurden.
https://t.co/iuWfBQtSaR @nau_live","http://twitter.com/BaSchaffner/status/987071971447005184",2018-04-19 22:54:00,2018,16,2018-04-19,"RT @MBaerlocher:","#geldspielgesetz-gegner ","de","de"
"6","@wahlch15","RT @bernstark: Die bernischen Delegierten fassen die Ja-Parole zum Geldspielgesetz mit 192 Ja und 22 Nein bei 3 Enthaltungen @BernerZeitung @derbund @nau_live","http://twitter.com/wahlch15/status/987076919974875136",2018-04-19 23:14:00,2018,16,2018-04-19,"RT @bernstark:","character(0)","de","de"
"7","@cedi_ch","RT @NatalieRickli: #SVP #Zürich sagt mit 128:90 Stimmen Nein zu #Internetzensur #Casinomonopol und #Geldspielgesetz… https://t.co/o75Ae8fSKd","http://twitter.com/cedi_ch/status/987078113367642112",2018-04-19 23:18:00,2018,16,2018-04-19,"RT @NatalieRickli:","c(""#svp "", ""#zürich "", ""#internetzensur "", ""#casinomonopol "", ""#geldspielgesetz… "")","de","de"
"8","@RolfMll35367465","RT @bernstark: Die bernischen Delegierten fassen die Ja-Parole zum Geldspielgesetz mit 192 Ja und 22 Nein bei 3 Enthaltungen @BernerZeitung @derbund @nau_live","http://twitter.com/RolfMll35367465/status/987078176991039488",2018-04-19 23:19:00,2018,16,2018-04-19,"RT @bernstark:","character(0)","de","de"
"9","@Tobias_Hendry","RT @LeroyBaechtold: Da Telegram gewisse Infrastruktur an Google Cloud und Amazon ausgelagert hat, wurden diese ebenfalls von Netzsperren gegen Telegram getroffen.
Zeigt was in der Schweiz passieren könnte, wenn Facebook Glückspiel einführen würde bei einem Ja zum GSG! #GSGnein https://t.co/rkxYZlkQ8F","http://twitter.com/Tobias_Hendry/status/987080175396372480",2018-04-19 23:27:00,2018,16,2018-04-19,"RT @LeroyBaechtold:","#gsgnein ","de","de"
"10","@Tobias_Hendry","RT @andrisilbi_: Der Irrsinn des #Geldspielgesetzes ist, dass man wenige (terrestrische) ausländische Anbieter gegen viele internationale Online-Anbieter mit Netzsperren schützt und ihnen ein Monopol auf das Internetangebot gibt… #GSGnein (Quelle: Jahresbericht ESBK) https://t.co/fQp2DxOsBy","http://twitter.com/Tobias_Hendry/status/987080220502122497",2018-04-19 23:27:00,2018,16,2018-04-19,"RT @andrisilbi_:","c(""#geldspielgesetzes "", ""#gsgnein "")","de","de"
"11","@rove_we","RT @LeroyBaechtold: Da Telegram gewisse Infrastruktur an Google Cloud und Amazon ausgelagert hat, wurden diese ebenfalls von Netzsperren gegen Telegram getroffen.
Zeigt was in der Schweiz passieren könnte, wenn Facebook Glückspiel einführen würde bei einem Ja zum GSG! #GSGnein https://t.co/rkxYZlkQ8F","http://twitter.com/rove_we/status/987080764872372225",2018-04-19 23:29:00,2018,16,2018-04-19,"RT @LeroyBaechtold:","#gsgnein ","de","de"
"12","@Anuril","RT @LeroyBaechtold: Da Telegram gewisse Infrastruktur an Google Cloud und Amazon ausgelagert hat, wurden diese ebenfalls von Netzsperren gegen Telegram getroffen.
Zeigt was in der Schweiz passieren könnte, wenn Facebook Glückspiel einführen würde bei einem Ja zum GSG! #GSGnein https://t.co/rkxYZlkQ8F","http://twitter.com/Anuril/status/987089875517063169",2018-04-20 00:05:00,2018,16,2018-04-20,"RT @LeroyBaechtold:","#gsgnein ","de","de"
"13","@schweiz","Wer ist hier der Spielverderber?: Damit Lotterien und Casinos weiterhin eine Milliarde für wohltätige Zwecke ausschütten können, braucht es das neue Geldspielgesetz. Sagen die Befürworter. Die Gegner sprechen von «Irreführung» des Stimmvolks. https://t.co/8566W5oQ79 https://t.co/iKoYYnfoV4","http://twitter.com/schweiz/status/987095124755660800",2018-04-20 00:26:00,2018,16,2018-04-20,NA,"character(0)","de","de"
"14","@dlavonne","RIP, Erin Popovich. #gsg","http://twitter.com/dlavonne/status/987097492671094784",2018-04-20 00:35:00,2018,16,2018-04-20,NA,"#gsg","hr","it"
"15","@Wicht10","@schweiz Die wohltätigkeit geht wenn überhaupt von den lotterienaus, nicht von den Casinos #GSG #netzsperren","http://twitter.com/Wicht10/status/987102273565351936",2018-04-20 00:54:00,2018,16,2018-04-20,NA,"c(""#gsg "", ""#netzsperren"")","de","de"
"16","@reinhard_mz","RT @OhneNetzsperren: Was man mit staatlichen #Netzsperren so alles anrichten kann. Russland wollte eigentlich nur den Dienst ""Telegram"" sperren, hat aber wegen der Nebenwirkungen ein ziemliches Chaos bei Unbeteiligten angerichtet!

Darum NEIN zum #Geldspielgesetz am 10 Juni! 

https://t.co/CdPhCAP7K9","http://twitter.com/reinhard_mz/status/987110304344616961",2018-04-20 01:26:00,2018,16,2018-04-20,"RT @OhneNetzsperren:","c(""#netzsperren "", ""#geldspielgesetz "")","de","de"
"17","@jake6moreno","Let’s go spurs!! Do it for Pop!!! #GSG @spurs","http://twitter.com/jake6moreno/status/987142986139078657",2018-04-20 03:36:00,2018,16,2018-04-20,NA,"#gsg ","en","fr"
"18","@azSolothurn","Ist mit dem neuen Geldspielgesetz die Freiheit des Internets in Gefahr? https://t.co/NtLuwIO0HW","http://twitter.com/azSolothurn/status/987164472207814657",2018-04-20 05:02:00,2018,16,2018-04-20,NA,"character(0)","de","de"
"19","@azGrenchen","Ist mit dem neuen Geldspielgesetz die Freiheit des Internets in Gefahr? https://t.co/M7IiOgAnZn","http://twitter.com/azGrenchen/status/987164472421728256",2018-04-20 05:02:00,2018,16,2018-04-20,NA,"character(0)","de","de"
"20","@azBaden","Ist mit dem neuen Geldspielgesetz die Freiheit des Internets in Gefahr? https://t.co/EO9td5kddO https://t.co/3wqeq8TYQQ","http://twitter.com/azBaden/status/987164476813094917",2018-04-20 05:02:00,2018,16,2018-04-20,NA,"character(0)","de","de"
"21","@azLimmattaler","Ist mit dem neuen Geldspielgesetz die Freiheit des Internets in Gefahr? https://t.co/mZJo9PcfWB https://t.co/MkSlPurHRC","http://twitter.com/azLimmattaler/status/987164485428199424",2018-04-20 05:02:00,2018,16,2018-04-20,NA,"character(0)","de","de"
"22","@AargauerZeitung","Ist mit dem neuen Geldspielgesetz die Freiheit des Internets in Gefahr? https://t.co/Kof66EoN7P https://t.co/5eA0wVSo0x","http://twitter.com/AargauerZeitung/status/987164486803996673",2018-04-20 05:02:00,2018,16,2018-04-20,NA,"character(0)","de","de"
"23","@bzBaselland","Ist mit dem neuen Geldspielgesetz die Freiheit des Internets in Gefahr? https://t.co/N414C8ogM2 https://t.co/AuJuan0Lwd","http://twitter.com/bzBaselland/status/987164496031444993",2018-04-20 05:02:00,2018,16,2018-04-20,NA,"character(0)","de","de"
"24","@bzBasel","Ist mit dem neuen Geldspielgesetz die Freiheit des Internets in Gefahr? https://t.co/i7xkqhboeA https://t.co/05lGUKZJ4d","http://twitter.com/bzBasel/status/987164496199233536",2018-04-20 05:02:00,2018,16,2018-04-20,NA,"character(0)","de","de"
"25","@andrisilbi_","„Welche Signale werden ins Land gesendet, wenn der Staat zur Durchsetzung eines Gesetzes offenkundig auf ein weitgehend nutzloses Mittel setzt?“ 

Ein Grund mehr für ein Nein zum #Geldspielgesetz #GSGnein https://t.co/Wx3c5LMULE","http://twitter.com/andrisilbi_/status/987174338561564672",2018-04-20 05:41:00,2018,16,2018-04-20,NA,"c(""#geldspielgesetz "", ""#gsgnein "")","de","de"
"26","@CPRSchmid","Sobald sich die Erkenntnis durchgesetzt hat, dass die #Netzsperre ein untaugliches Mittel ist, werden die #GSG-Befürworter vermutlich behaupten, dass es auch darum gehe, ""ein Zeichen zu setzen"" - damit lässt sich nämlich auch die unsinnigste #Regulierung rechtfertigen. https://t.co/LppJKX5rxj","http://twitter.com/CPRSchmid/status/987185050407067649",2018-04-20 06:23:00,2018,16,2018-04-20,NA,"c(""#netzsperre "", ""#gsg-befürworter "", ""#regulierung "")","de","de"
"27","@SimuFricker","RT @andrisilbi_: „Welche Signale werden ins Land gesendet, wenn der Staat zur Durchsetzung eines Gesetzes offenkundig auf ein weitgehend nutzloses Mittel setzt?“ 

Ein Grund mehr für ein Nein zum #Geldspielgesetz #GSGnein https://t.co/Wx3c5LMULE","http://twitter.com/SimuFricker/status/987188512435908608",2018-04-20 06:37:00,2018,16,2018-04-20,"RT @andrisilbi_:","c(""#geldspielgesetz "", ""#gsgnein "")","de","de"
"28","@media8school","RT @digiges_ch: Abstimmung am 10. Juni 2018:

Um der Allgemeinheit zu dienen und den Spielerschutz zu gewährleisten,  benötigt die Schweiz ein liberales #Geldspielgesetz ohne #Netzsperren!

https://t.co/jCZ5gTfc3Z #GeldspielgesetzNEIN","http://twitter.com/media8school/status/987191330592952321",2018-04-20 06:48:00,2018,16,2018-04-20,"RT @digiges_ch:","c(""#geldspielgesetz "", ""#netzsperren!"", ""#geldspielgesetznein"")","de","de"
"29","@romanf_ch","@spschweiz #Netzsperren sind die Basis für #Zensur. #Geldspielgesetz NEIN","http://twitter.com/romanf_ch/status/987192828278267904",2018-04-20 06:54:00,2018,16,2018-04-20,NA,"c(""#netzsperren "", ""#zensur. "", ""#geldspielgesetz "")","de","de"
"30","@Angelika_Ruider","Die Portabilitäts-Verordnung der EU gab auf 1.4.18 Geo-Blocking für kostenpflichtige Angebote (genutzt im EU-Raum) den Schuh. Derweil eisgenöss. Parlamentarier so: ""Lasst uns #Netzsperren einführen!"" <f0><U+009F><U+0098><U+00B4><f0><U+009F><U+0099><U+0088>#vorwärts nicht rückwärts! #GSG #Geldspielgesetz NEIN","http://twitter.com/Angelika_Ruider/status/987194329084104705",2018-04-20 07:00:00,2018,16,2018-04-20,NA,"c(""#netzsperren "", ""#vorwärts "", ""#gsg "", ""#geldspielgesetz "")","de","de"
"31","@andrisilbi_","Das Interview mit BR Sommaruga in der Luzerner Zeitung zeigt eindrücklich auf, wie wenig man von einer klugen Regulierung im Internet versteht. Lieber riegelt man das Netz ab und verschliesst die Augen vor den Herausforderungen. Ein Grund mehr, Nein zum #Geldspielgesetz zu sagen.","http://twitter.com/andrisilbi_/status/987197103809101826",2018-04-20 07:11:00,2018,16,2018-04-20,NA,"#geldspielgesetz ","de","de"
"32","@MarcelSigner","RT @andrisilbi_: Das Interview mit BR Sommaruga in der Luzerner Zeitung zeigt eindrücklich auf, wie wenig man von einer klugen Regulierung im Internet versteht. Lieber riegelt man das Netz ab und verschliesst die Augen vor den Herausforderungen. Ein Grund mehr, Nein zum #Geldspielgesetz zu sagen.","http://twitter.com/MarcelSigner/status/987197201351872512",2018-04-20 07:12:00,2018,16,2018-04-20,"RT @andrisilbi_:","#geldspielgesetz ","de","de"
"33","@morvjn","RT @andrisilbi_: Das Interview mit BR Sommaruga in der Luzerner Zeitung zeigt eindrücklich auf, wie wenig man von einer klugen Regulierung im Internet versteht. Lieber riegelt man das Netz ab und verschliesst die Augen vor den Herausforderungen. Ein Grund mehr, Nein zum #Geldspielgesetz zu sagen.","http://twitter.com/morvjn/status/987197264669143040",2018-04-20 07:12:00,2018,16,2018-04-20,"RT @andrisilbi_:","#geldspielgesetz ","de","de"
"34","@NicolasJutzet","RT @andrisilbi_: Das Interview mit BR Sommaruga in der Luzerner Zeitung zeigt eindrücklich auf, wie wenig man von einer klugen Regulierung im Internet versteht. Lieber riegelt man das Netz ab und verschliesst die Augen vor den Herausforderungen. Ein Grund mehr, Nein zum #Geldspielgesetz zu sagen.","http://twitter.com/NicolasJutzet/status/987197357644279808",2018-04-20 07:12:00,2018,16,2018-04-20,"RT @andrisilbi_:","#geldspielgesetz ","de","de"
"35","@wahlch15","RT @AargauerZeitung: Ist mit dem neuen Geldspielgesetz die Freiheit des Internets in Gefahr? https://t.co/Kof66EoN7P https://t.co/5eA0wVSo0x","http://twitter.com/wahlch15/status/987199404095438849",2018-04-20 07:20:00,2018,16,2018-04-20,"RT @AargauerZeitung:","character(0)","de","de"
"36","@wahlch15","RT @schweiz: Wer ist hier der Spielverderber?: Damit Lotterien und Casinos weiterhin eine Milliarde für wohltätige Zwecke ausschütten können, braucht es das neue Geldspielgesetz. Sagen die Befürworter. Die Gegner sprechen von «Irreführung» des Stimmvolks. https://t.co/8566W5oQ79 https://t.co/iKoYYnfoV4","http://twitter.com/wahlch15/status/987199725416976384",2018-04-20 07:22:00,2018,16,2018-04-20,"RT @schweiz:","character(0)","de","de"
"37","@Anuril","RT @andrisilbi_: Das Interview mit BR Sommaruga in der Luzerner Zeitung zeigt eindrücklich auf, wie wenig man von einer klugen Regulierung im Internet versteht. Lieber riegelt man das Netz ab und verschliesst die Augen vor den Herausforderungen. Ein Grund mehr, Nein zum #Geldspielgesetz zu sagen.","http://twitter.com/Anuril/status/987202940258652160",2018-04-20 07:34:00,2018,16,2018-04-20,"RT @andrisilbi_:","#geldspielgesetz ","de","de"
"38","@Anuril","RT @andrisilbi_: „Welche Signale werden ins Land gesendet, wenn der Staat zur Durchsetzung eines Gesetzes offenkundig auf ein weitgehend nutzloses Mittel setzt?“ 

Ein Grund mehr für ein Nein zum #Geldspielgesetz #GSGnein https://t.co/Wx3c5LMULE","http://twitter.com/Anuril/status/987203532834131968",2018-04-20 07:37:00,2018,16,2018-04-20,"RT @andrisilbi_:","c(""#geldspielgesetz "", ""#gsgnein "")","de","de"
"39","@Wulf_Bloody","RT @LeroyBaechtold: Da Telegram gewisse Infrastruktur an Google Cloud und Amazon ausgelagert hat, wurden diese ebenfalls von Netzsperren gegen Telegram getroffen.
Zeigt was in der Schweiz passieren könnte, wenn Facebook Glückspiel einführen würde bei einem Ja zum GSG! #GSGnein https://t.co/rkxYZlkQ8F","http://twitter.com/Wulf_Bloody/status/987204115418710016",2018-04-20 07:39:00,2018,16,2018-04-20,"RT @LeroyBaechtold:","#gsgnein ","de","de"
"40","@rump_sven","RT @andrisilbi_: Das Interview mit BR Sommaruga in der Luzerner Zeitung zeigt eindrücklich auf, wie wenig man von einer klugen Regulierung im Internet versteht. Lieber riegelt man das Netz ab und verschliesst die Augen vor den Herausforderungen. Ein Grund mehr, Nein zum #Geldspielgesetz zu sagen.","http://twitter.com/rump_sven/status/987210008327786497",2018-04-20 08:03:00,2018,16,2018-04-20,"RT @andrisilbi_:","#geldspielgesetz ","de","de"
"41","@ji7ro","RT @dhuerlimann: Die @NZZ lehnt das Geldspielgesetz ab, weil die Netzsperren einen schweren Eingriff in die Funktionsweise des Internets bedeuten. -- https://t.co/5aMTkf7FQy https://t.co/s4jnKKAEXg","http://twitter.com/ji7ro/status/987210853236789248",2018-04-20 08:06:00,2018,16,2018-04-20,"RT @dhuerlimann:","character(0)","de","de"
"42","@alainbuetler","Wie stimmt man eigentlich als ehem. @JUSOAargau Präsidentin und mittlerweile Blackjack-Dealerin im Casino Baden beim Geldspielgesetz ab? @GujerMia @FabianHaegler #gsg #abst18","http://twitter.com/alainbuetler/status/987211165460770818",2018-04-20 08:07:00,2018,16,2018-04-20,NA,"c(""#gsg "", ""#abst18"")","de","de"
"43","@X_crossss","RT @andrisilbi_: Das Interview mit BR Sommaruga in der Luzerner Zeitung zeigt eindrücklich auf, wie wenig man von einer klugen Regulierung im Internet versteht. Lieber riegelt man das Netz ab und verschliesst die Augen vor den Herausforderungen. Ein Grund mehr, Nein zum #Geldspielgesetz zu sagen.","http://twitter.com/X_crossss/status/987212320517558272",2018-04-20 08:12:00,2018,16,2018-04-20,"RT @andrisilbi_:","#geldspielgesetz ","de","de"
"44","@verathom","RT @andrisilbi_: Das Interview mit BR Sommaruga in der Luzerner Zeitung zeigt eindrücklich auf, wie wenig man von einer klugen Regulierung im Internet versteht. Lieber riegelt man das Netz ab und verschliesst die Augen vor den Herausforderungen. Ein Grund mehr, Nein zum #Geldspielgesetz zu sagen.","http://twitter.com/verathom/status/987213528074457088",2018-04-20 08:17:00,2018,16,2018-04-20,"RT @andrisilbi_:","#geldspielgesetz ","de","de"
"45","@Marcel_Dobler","RT @andrisilbi_: Das Interview mit BR Sommaruga in der Luzerner Zeitung zeigt eindrücklich auf, wie wenig man von einer klugen Regulierung im Internet versteht. Lieber riegelt man das Netz ab und verschliesst die Augen vor den Herausforderungen. Ein Grund mehr, Nein zum #Geldspielgesetz zu sagen.","http://twitter.com/Marcel_Dobler/status/987217972971352064",2018-04-20 08:34:00,2018,16,2018-04-20,"RT @andrisilbi_:","#geldspielgesetz ","de","de"
"46","@_yetioli","RT @andrisilbi_: Das Interview mit BR Sommaruga in der Luzerner Zeitung zeigt eindrücklich auf, wie wenig man von einer klugen Regulierung im Internet versteht. Lieber riegelt man das Netz ab und verschliesst die Augen vor den Herausforderungen. Ein Grund mehr, Nein zum #Geldspielgesetz zu sagen.","http://twitter.com/_yetioli/status/987219548549066752",2018-04-20 08:40:00,2018,16,2018-04-20,"RT @andrisilbi_:","#geldspielgesetz ","de","de"
"47","@jfblliberal","Die @FDP_BL fasst mit wenigen Gegenstimmen die Nein-Parole zum #GSG. Ein Erfolg für den #jungfreisinn! #GSGNein","http://twitter.com/jfblliberal/status/987224478009778177",2018-04-20 09:00:00,2018,16,2018-04-20,NA,"c(""#gsg. "", ""#jungfreisinn! "", ""#gsgnein"")","de","de"
"48","@TJFAdrian","Heute darf ich am #JFBL18 die @jfblliberal vertreten. Eine ideale Gelegenheit den Freisinn und #GSGnein schmackhaft zu machen.","http://twitter.com/TJFAdrian/status/987225146497949698",2018-04-20 09:03:00,2018,16,2018-04-20,NA,"c(""#jfbl18 "", ""#gsgnein "")","de","de"
"49","@jfblliberal","RT @TJFAdrian: Heute darf ich am #JFBL18 die @jfblliberal vertreten. Eine ideale Gelegenheit den Freisinn und #GSGnein schmackhaft zu machen.","http://twitter.com/jfblliberal/status/987225231419936768",2018-04-20 09:03:00,2018,16,2018-04-20,"RT @TJFAdrian:","c(""#jfbl18 "", ""#gsgnein "")","de","de"
"50","@GuidoBalmerEJPD","«Gejubelt würde in Malta und Gibraltar»: Bundesrätin #Sommaruga zu den Folgen einer Ablehnung des Geldspielgesetzes. Im Interview mit @MajaBriner und Roger Braun von den Regionalmedien der @nzz (@tagblatt_ch @LuzernerZeitung etc.).

Auch via https://t.co/MYaRQqTiZj

#GSGja #Vot18 https://t.co/XAR2oIaArH","http://twitter.com/GuidoBalmerEJPD/status/987228694090534912",2018-04-20 09:17:00,2018,16,2018-04-20,NA,"c(""#sommaruga "", ""#gsgja "", ""#vot18 "")","de","de"
"51","@TA_Politik","Bei einem Nein zum Geldspielgesetz wird der gemeinnützige Rubel nicht mehr rollen oder zumindest nicht mehr im heutigen Umfang. Das wäre verheerend für viele Sportvereine, kulturelle und soziale Institutionen. Aber stimmt das auch?https://t.co/e0jDfuvC62","http://twitter.com/TA_Politik/status/987229379502604288",2018-04-20 09:20:00,2018,16,2018-04-20,NA,"character(0)","de","de"
"52","@tagesanzeiger","RT @TA_Politik: Bei einem Nein zum Geldspielgesetz wird der gemeinnützige Rubel nicht mehr rollen oder zumindest nicht mehr im heutigen Umfang. Das wäre verheerend für viele Sportvereine, kulturelle und soziale Institutionen. Aber stimmt das auch?https://t.co/e0jDfuvC62","http://twitter.com/tagesanzeiger/status/987229786060804097",2018-04-20 09:21:00,2018,16,2018-04-20,"RT @TA_Politik:","character(0)","de","de"
"53","@meierelias","@AargauerZeitung Um auf eure Frage zu antworten: Ja, ist sie! #GSGNein","http://twitter.com/meierelias/status/987230212629942272",2018-04-20 09:23:00,2018,16,2018-04-20,NA,"#gsgnein","de","de"
"54","@cwasi","RT @sosicles: Gut gebrüllt, Löwe! @Marcel_Dobler erklärt in der @Handelszeitung , wieso das #Geldspielgesetz abzulehnen ist. #netzsperren https://t.co/4iXYspGmm2","http://twitter.com/cwasi/status/987230596224217088",2018-04-20 09:24:00,2018,16,2018-04-20,"RT @sosicles:","c(""#geldspielgesetz "", ""#netzsperren "")","de","de"
"55","@NicolasJutzet","<f0><U+009F><U+0085><U+0083><f0><U+009F><U+0084><U+00B7><f0><U+009F><U+0084><U+00B0><f0><U+009F><U+0085><U+0083>'<f0><U+009F><U+0085><U+0082> <f0><U+009F><U+0085><U+0083><f0><U+009F><U+0084><U+00B7><f0><U+009F><U+0084><U+00B4> <f0><U+009F><U+0084><U+00BF><f0><U+009F><U+0084><U+00BE><f0><U+009F><U+0084><U+00B8><f0><U+009F><U+0084><U+00BD><f0><U+009F><U+0085><U+0083>

« Welche Signale werden ins Land gesendet, wenn der Staat zur Durchsetzung eines Gesetzes offenkundig auf ein weitgehend nutzloses Mittel setzt? » 

https://t.co/ORie0ovwg4","http://twitter.com/NicolasJutzet/status/987231305216774144",2018-04-20 09:27:00,2018,16,2018-04-20,NA,"character(0)","de","de"
"56","@DickMo","Hier. Geldspielgesetz erklärt in drei Minuten. Brought to you by @heleneob_ - https://t.co/cfcLxDH4jK via @watson_news","http://twitter.com/DickMo/status/987234692561821696",2018-04-20 09:41:00,2018,16,2018-04-20,NA,"character(0)","en","de"
"57","@heleneob_","Du spielst Poker im Netz? Dann solltest du dir das Geldspielgesetz genauer anschauen ... - https://t.co/DgqdedzZQa via @watson_news","http://twitter.com/heleneob_/status/987235285804244993",2018-04-20 09:43:00,2018,16,2018-04-20,NA,"character(0)","de","de"
"58","@watson_news","Bye bye Pokerstars: Das ändert sich bei einem Ja zum Geldspielgesetz. https://t.co/vQOXZYnR7Y","http://twitter.com/watson_news/status/987236290344181761",2018-04-20 09:47:00,2018,16,2018-04-20,NA,"character(0)","de","de"
"59","@wahlch15","RT @watson_news: Bye bye Pokerstars: Das ändert sich bei einem Ja zum Geldspielgesetz. https://t.co/vQOXZYnR7Y","http://twitter.com/wahlch15/status/987236622466015232",2018-04-20 09:48:00,2018,16,2018-04-20,"RT @watson_news:","character(0)","de","de"
"60","@morvjn","RT @sosicles: Gut gebrüllt, Löwe! @Marcel_Dobler erklärt in der @Handelszeitung , wieso das #Geldspielgesetz abzulehnen ist. #netzsperren https://t.co/4iXYspGmm2","http://twitter.com/morvjn/status/987242016064098305",2018-04-20 10:10:00,2018,16,2018-04-20,"RT @sosicles:","c(""#geldspielgesetz "", ""#netzsperren "")","de","de"
"61","@KilianBrogli","RT @digiges_ch: Jetzt Crowdfunding unterstützen:

Gemeinsam verhindern wir das #Geldspielgesetz und #Netzsperren!

https://t.co/xDo4QaLAzP
#GeldspielgesetzNein /@gsg_nein https://t.co/mTogryvimL","http://twitter.com/KilianBrogli/status/987247803905789952",2018-04-20 10:33:00,2018,16,2018-04-20,"RT @digiges_ch:","c(""#geldspielgesetz "", ""#netzsperren!"", ""#geldspielgesetznein "")","de","de"
"62","@tuechel1","RT @andrisilbi_: Das Interview mit BR Sommaruga in der Luzerner Zeitung zeigt eindrücklich auf, wie wenig man von einer klugen Regulierung im Internet versteht. Lieber riegelt man das Netz ab und verschliesst die Augen vor den Herausforderungen. Ein Grund mehr, Nein zum #Geldspielgesetz zu sagen.","http://twitter.com/tuechel1/status/987248088728395777",2018-04-20 10:34:00,2018,16,2018-04-20,"RT @andrisilbi_:","#geldspielgesetz ","de","de"
"63","@JanosAmmann","RT @jGruene_jVertEs: Die #Casinolobby hat sich beim #Geldspielgesetz auf ganzer Linie durchgesetz. Hilf mit #Netzsperren zu verhindern: https://t.co/hYjdW9CmuL #GeldspielgesetzNEIN @gsg_nein https://t.co/zabDs3b8s5","http://twitter.com/JanosAmmann/status/987249051891585024",2018-04-20 10:38:00,2018,16,2018-04-20,"RT @jGruene_jVertEs:","c(""#casinolobby "", ""#geldspielgesetz "", ""#netzsperren "", ""#geldspielgesetznein "")","de","de"
"64","@NZahn42","RT @digiges_ch: Jetzt Crowdfunding unterstützen:

Gemeinsam verhindern wir das #Geldspielgesetz und #Netzsperren!

https://t.co/xDo4QaLAzP
#GeldspielgesetzNein /@gsg_nein https://t.co/mTogryvimL","http://twitter.com/NZahn42/status/987250719538360320",2018-04-20 10:44:00,2018,16,2018-04-20,"RT @digiges_ch:","c(""#geldspielgesetz "", ""#netzsperren!"", ""#geldspielgesetznein "")","de","de"
"65","@jcandinas","RT @sosicles: Gut gebrüllt, Löwe! @Marcel_Dobler erklärt in der @Handelszeitung , wieso das #Geldspielgesetz abzulehnen ist. #netzsperren https://t.co/4iXYspGmm2","http://twitter.com/jcandinas/status/987257705558618113",2018-04-20 11:12:00,2018,16,2018-04-20,"RT @sosicles:","c(""#geldspielgesetz "", ""#netzsperren "")","de","de"
"66","@playworldonline","Geldspielgesetz: <U+0084>Bei einem Nein hätten wir gar nichts<U+0093> https://t.co/Qg59I5syRX","http://twitter.com/playworldonline/status/987259084251410433",2018-04-20 11:18:00,2018,16,2018-04-20,NA,"character(0)","de","de"
"67","@OliverOchsner","RT @jfsolothurn: Der Kampf gegen #protektionismus, #netzsperren und das #CasinoKartellGesetz beginnt auch im Kanton Solothurn - wir sagen Nein zu digitaler Abschottung, Nein zu Protektionismus und Nein zum #Geldspielgesetz ! https://t.co/CvBPLpGGpM","http://twitter.com/OliverOchsner/status/987259162567507970",2018-04-20 11:18:00,2018,16,2018-04-20,"RT @jfsolothurn:","c(""#protektionismus, "", ""#netzsperren "", ""#casinokartellgesetz "", ""#geldspielgesetz "")","de","de"
"68","@JoelSauser3","@andrisilbi_ Kann mir jemand erklären was das Geldspielgesetz mit Zalando und Netflix zu tun hat?","http://twitter.com/JoelSauser3/status/987259461881552897",2018-04-20 11:19:00,2018,16,2018-04-20,NA,"character(0)","de","de"
"69","@meliracine","RT @jfsolothurn: Der Kampf gegen #protektionismus, #netzsperren und das #CasinoKartellGesetz beginnt auch im Kanton Solothurn - wir sagen Nein zu digitaler Abschottung, Nein zu Protektionismus und Nein zum #Geldspielgesetz ! https://t.co/CvBPLpGGpM","http://twitter.com/meliracine/status/987259479191322624",2018-04-20 11:19:00,2018,16,2018-04-20,"RT @jfsolothurn:","c(""#protektionismus, "", ""#netzsperren "", ""#casinokartellgesetz "", ""#geldspielgesetz "")","de","de"
"70","@DeniedDarkling","RT @ppsde: Die Werbemöglichkeiten der #CasinoLobby sind sehr gross und dynamisch während wir auf die Kraft der Einzelnen für gezielte Aktionen gegen das #Geldspielgesetz setzen.

https://t.co/z0eWtQmSjV

https://t.co/7wgDV4bK6h","http://twitter.com/DeniedDarkling/status/987261319857491969",2018-04-20 11:26:00,2018,16,2018-04-20,"RT @ppsde:","c(""#casinolobby "", ""#geldspielgesetz "")","de","de"
"71","@GuidoBalmerEJPD","@andrisilbi_ Kann man auch anders sehen - zum Beispiel so wie Christian Kalb, Spezialist für Geldspiele in Paris, Institut IRIS: Geldspielgesetz der Schweiz «fortschrittlich», «Vorbild», System mit Sperre funktioniert «sehr gut»: https://t.co/Oyj9aHiQ7F
via @tdgch @24heuresch 

#GSGja #Vot18 https://t.co/iysJZrqq7B","http://twitter.com/GuidoBalmerEJPD/status/987264965575872512",2018-04-20 11:41:00,2018,16,2018-04-20,NA,"c(""#gsgja "", ""#vot18 "")","de","de"
"72","@GR_4o","«Welche Signale werden ins Land gesendet, wenn der Staat zur Durchsetzung eines Gesetzes offenkundig auf ein weitgehend nutzloses Mittel setzt?» @sven_altermatt über #Netzsperren
https://t.co/cXzSNHF9Ot","http://twitter.com/GR_4o/status/987267142864326657",2018-04-20 11:50:00,2018,16,2018-04-20,NA,"#netzsperren","de","de"
"73","@GuidoBalmerEJPD","@andrisilbi_ Hier übrigens noch das Interview von @MajaBriner und Roger Braun von den Regionalmedien der @nzz (@tagblatt_ch @LuzernerZeitung etc.). Bundesrätin #Sommaruga zu den Folgen einer Ablehnung: «Gejubelt würde in Malta und Gibraltar».

Auch via https://t.co/49FNMiorrT

#GSGja #Vot18 https://t.co/PyAmJNFUej","http://twitter.com/GuidoBalmerEJPD/status/987267580128890880",2018-04-20 11:51:00,2018,16,2018-04-20,NA,"c(""#sommaruga "", ""#gsgja "", ""#vot18 "")","de","de"
"74","@Sesselstuermer","RT @CarolBaltermia: Die @FDP_BS sagt klar NEIN zum #Geldspielgesetz und #Internetzensur","http://twitter.com/Sesselstuermer/status/987269213218902016",2018-04-20 11:58:00,2018,16,2018-04-20,"RT @CarolBaltermia:","c(""#geldspielgesetz "", ""#internetzensur"")","de","de"
"75","@GuidoBalmerEJPD","Bisher nicht gesehen, aber auch noch interessant: Im Unterschied zur SVP Schweiz (Stimmfreigabe) beschliesst SVP Kanton Bern Ja-Parole zum #Geldspielgesetz (192 Ja, 22 Nein, 3 Enthaltungen)

https://t.co/8uDvzwrhOB

#Abst18 #GSGja https://t.co/tUdSGq7Qcp","http://twitter.com/GuidoBalmerEJPD/status/987271043248214016",2018-04-20 12:05:00,2018,16,2018-04-20,NA,"c(""#geldspielgesetz "", ""#abst18 "", ""#gsgja "")","de","de"
"76","@AlainS1991","Unglaublich wie naiv und unwissend unsere Bundesrätin Sommaruga ist...<f0><U+009F><U+0099><U+0088><f0><U+009F><U+0099><U+0088><f0><U+009F><U+0099><U+0088> #Geldspielgesetz #Casinokartellgesetz https://t.co/aZm3Cgm17T","http://twitter.com/AlainS1991/status/987271381971886080",2018-04-20 12:06:00,2018,16,2018-04-20,NA,"c(""#geldspielgesetz "", ""#casinokartellgesetz "")","de","de"
"77","@jfsolothurn","RT @phil_liberal: Solothurn geht mit gutem liberalem Beispiel voran - der @kgvSolothurn lehnt das #Geldspielgesetz ab und setzt ein Zeichen gegen#netzzensur und #protektionismus. https://t.co/Zy8G43B78p","http://twitter.com/jfsolothurn/status/987271550222176257",2018-04-20 12:07:00,2018,16,2018-04-20,"RT @phil_liberal:","c(""#geldspielgesetz "", ""#netzzensur "", ""#protektionismus. "")","de","de"
"78","@vecirex","RT @AlainS1991: Unglaublich wie naiv und unwissend unsere Bundesrätin Sommaruga ist...<f0><U+009F><U+0099><U+0088><f0><U+009F><U+0099><U+0088><f0><U+009F><U+0099><U+0088> #Geldspielgesetz #Casinokartellgesetz https://t.co/aZm3Cgm17T","http://twitter.com/vecirex/status/987272224271978497",2018-04-20 12:10:00,2018,16,2018-04-20,"RT @AlainS1991:","c(""#geldspielgesetz "", ""#casinokartellgesetz "")","de","de"
"79","@lukasreimann","RT @sosicles: Gut gebrüllt, Löwe! @Marcel_Dobler erklärt in der @Handelszeitung , wieso das #Geldspielgesetz abzulehnen ist. #netzsperren https://t.co/4iXYspGmm2","http://twitter.com/lukasreimann/status/987272649150812160",2018-04-20 12:11:00,2018,16,2018-04-20,"RT @sosicles:","c(""#geldspielgesetz "", ""#netzsperren "")","de","de"
"80","@ogf115","RT @jfblliberal: Die @FDP_BL fasst mit wenigen Gegenstimmen die Nein-Parole zum #GSG. Ein Erfolg für den #jungfreisinn! #GSGNein","http://twitter.com/ogf115/status/987273182984982528",2018-04-20 12:14:00,2018,16,2018-04-20,"RT @jfblliberal:","c(""#gsg. "", ""#jungfreisinn! "", ""#gsgnein"")","de","de"
"81","@LaOsusky","Wie illegale Glücksspiel-Anbieter Gerichte bombardieren und Loser ihre Spielverluste erfolgreich einklagen können. #glücksspiel #spielsucht #GSG #casino #internetsperre https://t.co/vceYNQH1FT","http://twitter.com/LaOsusky/status/987275843104923648",2018-04-20 12:24:00,2018,16,2018-04-20,NA,"c(""#glücksspiel "", ""#spielsucht "", ""#gsg "", ""#casino "", ""#internetsperre "")","de","de"
"82","@MandarinMichel","RT @AlainS1991: Unglaublich wie naiv und unwissend unsere Bundesrätin Sommaruga ist...<f0><U+009F><U+0099><U+0088><f0><U+009F><U+0099><U+0088><f0><U+009F><U+0099><U+0088> #Geldspielgesetz #Casinokartellgesetz https://t.co/aZm3Cgm17T","http://twitter.com/MandarinMichel/status/987276695752372224",2018-04-20 12:28:00,2018,16,2018-04-20,"RT @AlainS1991:","c(""#geldspielgesetz "", ""#casinokartellgesetz "")","de","de"
"83","@KilianBrogli","Mit #Geldspielgesetz könne die Glaubwürdigkeit der Schweizer Rechtsordnung einen Schaden nehmen, «wenn sie sich zur Rechtsdurchsetzung weitgehend untauglicher Mittel #Netzsperren bedient». Sei digitaler als #ParlCH #Neuland und stimme Nein zum #GSG #Abst18 #GSGnein https://t.co/4Jr5sevmDP","http://twitter.com/KilianBrogli/status/987277088599179264",2018-04-20 12:29:00,2018,16,2018-04-20,NA,"c(""#geldspielgesetz "", ""#netzsperren "", ""#parlch "", ""#neuland "", ""#gsg "", ""#abst18 "", ""#gsgnein "")","de","de"
"84","@hans_denkt","RT @andrisilbi_: Das Interview mit BR Sommaruga in der Luzerner Zeitung zeigt eindrücklich auf, wie wenig man von einer klugen Regulierung im Internet versteht. Lieber riegelt man das Netz ab und verschliesst die Augen vor den Herausforderungen. Ein Grund mehr, Nein zum #Geldspielgesetz zu sagen.","http://twitter.com/hans_denkt/status/987280548711337986",2018-04-20 12:43:00,2018,16,2018-04-20,"RT @andrisilbi_:","#geldspielgesetz ","de","de"
"85","@PhTschopp","Der #BDP-Widerstand gegen das neue #Geldspielgesetz wächst: Nach der @aargauer_bdp und der @JBDP_CH empfiehlt nun auch die @PBD_Frib die Ablehnung der Vorlage. Ich werde mich dafür einsetzen, dass am 28. April auch die @BDPSchweiz folgt. #GSGNein @Internet_Zensur https://t.co/Eb9JsUrOY7","http://twitter.com/PhTschopp/status/987281111825960961",2018-04-20 12:45:00,2018,16,2018-04-20,NA,"c(""#bdp-widerstand "", ""#geldspielgesetz "", ""#gsgnein "")","de","de"
"86","@fljan","RT @andrisilbi_: „Welche Signale werden ins Land gesendet, wenn der Staat zur Durchsetzung eines Gesetzes offenkundig auf ein weitgehend nutzloses Mittel setzt?“ 

Ein Grund mehr für ein Nein zum #Geldspielgesetz #GSGnein https://t.co/Wx3c5LMULE","http://twitter.com/fljan/status/987288730804346880",2018-04-20 13:15:00,2018,16,2018-04-20,"RT @andrisilbi_:","c(""#geldspielgesetz "", ""#gsgnein "")","de","de"
"87","@vecirex","RT @recherdan: Parteitag der @FDP_BL mit @andrisilbi_ zum #GSG: mit überwältigendem Mehr klar abgelehnt. Nein zu Protektionismus, Bevormundung und #netzsperren https://t.co/MBawQsPbXW","http://twitter.com/vecirex/status/987290323205451777",2018-04-20 13:22:00,2018,16,2018-04-20,"RT @recherdan:","c(""#gsg: "", ""#netzsperren "")","de","de"
"88","@swissshooting","Heidi Diethelm Gerber wirbt für ein Ja zum Geldspielgesetz

Am 10. Juni 2018 stimmen die Schweizerinnen und Schweizer über das Geldspielgesetz ab. Für den Schweizer Sport – und damit auch für den SSV – ist das Gesetz... https://t.co/AFrykVwn0B","http://twitter.com/swissshooting/status/987291270581243904",2018-04-20 13:25:00,2018,16,2018-04-20,NA,"character(0)","de","de"
"89","@diuuk","RT @PhTschopp: Der #BDP-Widerstand gegen das neue #Geldspielgesetz wächst: Nach der @aargauer_bdp und der @JBDP_CH empfiehlt nun auch die @PBD_Frib die Ablehnung der Vorlage. Ich werde mich dafür einsetzen, dass am 28. April auch die @BDPSchweiz folgt. #GSGNein @Internet_Zensur https://t.co/Eb9JsUrOY7","http://twitter.com/diuuk/status/987291515763511298",2018-04-20 13:26:00,2018,16,2018-04-20,"RT @PhTschopp:","c(""#bdp-widerstand "", ""#geldspielgesetz "", ""#gsgnein "")","de","de"
"90","@ppsde","RT @KilianBrogli: Mit #Geldspielgesetz könne die Glaubwürdigkeit der Schweizer Rechtsordnung einen Schaden nehmen, «wenn sie sich zur Rechtsdurchsetzung weitgehend untauglicher Mittel #Netzsperren bedient». Sei digitaler als #ParlCH #Neuland und stimme Nein zum #GSG #Abst18 #GSGnein https://t.co/4Jr5sevmDP","http://twitter.com/ppsde/status/987291637045964800",2018-04-20 13:27:00,2018,16,2018-04-20,"RT @KilianBrogli:","c(""#geldspielgesetz "", ""#netzsperren "", ""#parlch "", ""#neuland "", ""#gsg "", ""#abst18 "", ""#gsgnein "")","de","de"
"91","@vecirex","@vinschger @AlainS1991 Das könnte noch nötig werden!
#Abst18 #CHvote #GSGnein","http://twitter.com/vecirex/status/987296269075996672",2018-04-20 13:45:00,2018,16,2018-04-20,NA,"c(""#abst18 "", ""#chvote "", ""#gsgnein"")","de","de"
"92","@vecirex","@vinschger @AlainS1991 Ich denke, ja - und sie weiss auch warum; im #FMG ist das wieder Thema und das mit dem Urheberrecht ist nur deshalb raus, weil massiv Widerstand von uns organisiert wurde, allen voran von @digiges_ch &amp; @ISOCSwitzerland-Akteuren.
#Abst18 #CHvote #GSGnein #Netzzensur #Neuland","http://twitter.com/vecirex/status/987296506196709377",2018-04-20 13:46:00,2018,16,2018-04-20,NA,"c(""#fmg "", ""#abst18 "", ""#chvote "", ""#gsgnein "", ""#netzzensur "", ""#neuland"")","de","de"
"93","@vecirex","RT @vecirex: @vinschger @AlainS1991 Ich denke, ja - und sie weiss auch warum; im #FMG ist das wieder Thema und das mit dem Urheberrecht ist nur deshalb raus, weil massiv Widerstand von uns organisiert wurde, allen voran von @digiges_ch &amp; @ISOCSwitzerland-Akteuren.
#Abst18 #CHvote #GSGnein #Netzzensur #Neuland","http://twitter.com/vecirex/status/987296531916173312",2018-04-20 13:46:00,2018,16,2018-04-20,"RT @vecirex:","c(""#fmg "", ""#abst18 "", ""#chvote "", ""#gsgnein "", ""#netzzensur "", ""#neuland"")","de","de"
"94","@dhuerlimann","Die Glaubwürdigkeit der Schweizer Rechtsordnung wird beschädigt, wenn sie sich zur Rechtsdurchsetzung weitgehend untauglicher Mittel bedient. -- https://t.co/oZMImEsJpe","http://twitter.com/dhuerlimann/status/987296664783413248",2018-04-20 13:47:00,2018,16,2018-04-20,NA,"character(0)","de","de"
"95","@stwaho","RT @GuidoBalmerEJPD: «Gejubelt würde in Malta und Gibraltar»: Bundesrätin #Sommaruga zu den Folgen einer Ablehnung des Geldspielgesetzes. Im Interview mit @MajaBriner und Roger Braun von den Regionalmedien der @nzz (@tagblatt_ch @LuzernerZeitung etc.).

Auch via https://t.co/MYaRQqTiZj

#GSGja #Vot18 https://t.co/XAR2oIaArH","http://twitter.com/stwaho/status/987298443952623616",2018-04-20 13:54:00,2018,16,2018-04-20,"RT @GuidoBalmerEJPD:","c(""#sommaruga "", ""#gsgja "", ""#vot18 "")","de","de"
"96","@NZahn42","RT @dhuerlimann: Die Glaubwürdigkeit der Schweizer Rechtsordnung wird beschädigt, wenn sie sich zur Rechtsdurchsetzung weitgehend untauglicher Mittel bedient. -- https://t.co/oZMImEsJpe","http://twitter.com/NZahn42/status/987298470611398656",2018-04-20 13:54:00,2018,16,2018-04-20,"RT @dhuerlimann:","character(0)","de","de"
"97","@livio_jfs","#Aufholbedarf bei der Digitalisierung. Nein zum #Abschottungsgesetz #GSG. https://t.co/Z681Yydimz","http://twitter.com/livio_jfs/status/987298789856825345",2018-04-20 13:55:00,2018,16,2018-04-20,NA,"c(""#aufholbedarf "", ""#abschottungsgesetz "", ""#gsg. "")","de","de"
"98","@beatflach","#Netzsperren sind untauglich u. senden ein fatales Signal des Staates zur Zukunft des freien Internets aus. (Illegales muss man löschen, nicht sperren; Onlinespiele sind nicht illegal, sondern sollten konzessioniert werden). Lesenswert dazu: https://t.co/hMdzSILwYP #GSGNein","http://twitter.com/beatflach/status/987300536033665024",2018-04-20 14:02:00,2018,16,2018-04-20,NA,"c(""#netzsperren "", ""#gsgnein"")","de","de"
"99","@OhneNetzsperren","@vinschger @AlainS1991 @vecirex Jedes neue Gesetz kann weitere #Netzsperren einführen. Dies wird um Grössenordnungen einfacher, wenn wir mit dem #Geldspielgesetz den #Präzedenzfall schaffen. Das Parlament wird diese ziemlich sicher wieder ins #Urheberrecht reinnnehmen, falls das Geldspielgesetz angenommen würde","http://twitter.com/OhneNetzsperren/status/987302181140385792",2018-04-20 14:09:00,2018,16,2018-04-20,NA,"c(""#netzsperren "", ""#geldspielgesetz "", ""#präzedenzfall "", ""#urheberrecht "")","de","de"
"100","@stwaho","ja, was man im Namen der Freiheit alles machen kann... #GSGJa 
https://t.co/Z9c6b5YTTa https://t.co/HwnEts5Gh5","http://twitter.com/stwaho/status/987312802518982656",2018-04-20 14:51:00,2018,16,2018-04-20,NA,"#gsgja ","de","de"
"101","@cwasi","Internetzensur nein danke! Keine chinesischen Methoden beim #Geldspielgesetz! Markt und Innovation ist besser als #Netzsperre.  @FDP_Liberalen @Jungfreisinnige #GSGnein @gsg_nein #cewe_newsroom #abst18 #CHvote
<f0><U+009F><U+0091><U+0089> https://t.co/Guf9Ydio8O https://t.co/PfKZqtwG5N","http://twitter.com/cwasi/status/987312924782886917",2018-04-20 14:51:00,2018,16,2018-04-20,NA,"c(""#geldspielgesetz! "", ""#netzsperre. "", ""#gsgnein "", ""#cewe_newsroom "", ""#abst18 "", ""#chvote"")","de","de"
"102","@sosicles","RT @cwasi: Internetzensur nein danke! Keine chinesischen Methoden beim #Geldspielgesetz! Markt und Innovation ist besser als #Netzsperre.  @FDP_Liberalen @Jungfreisinnige #GSGnein @gsg_nein #cewe_newsroom #abst18 #CHvote
<f0><U+009F><U+0091><U+0089> https://t.co/Guf9Ydio8O https://t.co/PfKZqtwG5N","http://twitter.com/sosicles/status/987313716046725124",2018-04-20 14:55:00,2018,16,2018-04-20,"RT @cwasi:","c(""#geldspielgesetz! "", ""#netzsperre. "", ""#gsgnein "", ""#cewe_newsroom "", ""#abst18 "", ""#chvote"")","de","de"
"103","@morand_louise","RT @cwasi: Internetzensur nein danke! Keine chinesischen Methoden beim #Geldspielgesetz! Markt und Innovation ist besser als #Netzsperre.  @FDP_Liberalen @Jungfreisinnige #GSGnein @gsg_nein #cewe_newsroom #abst18 #CHvote
<f0><U+009F><U+0091><U+0089> https://t.co/Guf9Ydio8O https://t.co/PfKZqtwG5N","http://twitter.com/morand_louise/status/987317259856154625",2018-04-20 15:09:00,2018,16,2018-04-20,"RT @cwasi:","c(""#geldspielgesetz! "", ""#netzsperre. "", ""#gsgnein "", ""#cewe_newsroom "", ""#abst18 "", ""#chvote"")","de","de"
"104","@verathom","RT @cwasi: Internetzensur nein danke! Keine chinesischen Methoden beim #Geldspielgesetz! Markt und Innovation ist besser als #Netzsperre.  @FDP_Liberalen @Jungfreisinnige #GSGnein @gsg_nein #cewe_newsroom #abst18 #CHvote
<f0><U+009F><U+0091><U+0089> https://t.co/Guf9Ydio8O https://t.co/PfKZqtwG5N","http://twitter.com/verathom/status/987317593399812096",2018-04-20 15:10:00,2018,16,2018-04-20,"RT @cwasi:","c(""#geldspielgesetz! "", ""#netzsperre. "", ""#gsgnein "", ""#cewe_newsroom "", ""#abst18 "", ""#chvote"")","de","de"
"105","@X_crossss","RT @cwasi: Internetzensur nein danke! Keine chinesischen Methoden beim #Geldspielgesetz! Markt und Innovation ist besser als #Netzsperre.  @FDP_Liberalen @Jungfreisinnige #GSGnein @gsg_nein #cewe_newsroom #abst18 #CHvote
<f0><U+009F><U+0091><U+0089> https://t.co/Guf9Ydio8O https://t.co/PfKZqtwG5N","http://twitter.com/X_crossss/status/987319455716986880",2018-04-20 15:17:00,2018,16,2018-04-20,"RT @cwasi:","c(""#geldspielgesetz! "", ""#netzsperre. "", ""#gsgnein "", ""#cewe_newsroom "", ""#abst18 "", ""#chvote"")","de","de"
"106","@enussbi","RT @GuidoBalmerEJPD: «Gejubelt würde in Malta und Gibraltar»: Bundesrätin #Sommaruga zu den Folgen einer Ablehnung des Geldspielgesetzes. Im Interview mit @MajaBriner und Roger Braun von den Regionalmedien der @nzz (@tagblatt_ch @LuzernerZeitung etc.).

Auch via https://t.co/MYaRQqTiZj

#GSGja #Vot18 https://t.co/XAR2oIaArH","http://twitter.com/enussbi/status/987319467192541185",2018-04-20 15:17:00,2018,16,2018-04-20,"RT @GuidoBalmerEJPD:","c(""#sommaruga "", ""#gsgja "", ""#vot18 "")","de","de"
"107","@pirateexception","RT @KilianBrogli: Mit #Geldspielgesetz könne die Glaubwürdigkeit der Schweizer Rechtsordnung einen Schaden nehmen, «wenn sie sich zur Rechtsdurchsetzung weitgehend untauglicher Mittel #Netzsperren bedient». Sei digitaler als #ParlCH #Neuland und stimme Nein zum #GSG #Abst18 #GSGnein https://t.co/4Jr5sevmDP","http://twitter.com/pirateexception/status/987323129327439872",2018-04-20 15:32:00,2018,16,2018-04-20,"RT @KilianBrogli:","c(""#geldspielgesetz "", ""#netzsperren "", ""#parlch "", ""#neuland "", ""#gsg "", ""#abst18 "", ""#gsgnein "")","de","de"
"108","@pirateexception","RT @PhTschopp: Der #BDP-Widerstand gegen das neue #Geldspielgesetz wächst: Nach der @aargauer_bdp und der @JBDP_CH empfiehlt nun auch die @PBD_Frib die Ablehnung der Vorlage. Ich werde mich dafür einsetzen, dass am 28. April auch die @BDPSchweiz folgt. #GSGNein @Internet_Zensur https://t.co/Eb9JsUrOY7","http://twitter.com/pirateexception/status/987323198399270912",2018-04-20 15:32:00,2018,16,2018-04-20,"RT @PhTschopp:","c(""#bdp-widerstand "", ""#geldspielgesetz "", ""#gsgnein "")","de","de"
"109","@Michele__Barone","RT @cwasi: Internetzensur nein danke! Keine chinesischen Methoden beim #Geldspielgesetz! Markt und Innovation ist besser als #Netzsperre.  @FDP_Liberalen @Jungfreisinnige #GSGnein @gsg_nein #cewe_newsroom #abst18 #CHvote
<f0><U+009F><U+0091><U+0089> https://t.co/Guf9Ydio8O https://t.co/PfKZqtwG5N","http://twitter.com/Michele__Barone/status/987323606857404421",2018-04-20 15:34:00,2018,16,2018-04-20,"RT @cwasi:","c(""#geldspielgesetz! "", ""#netzsperre. "", ""#gsgnein "", ""#cewe_newsroom "", ""#abst18 "", ""#chvote"")","de","de"
"110","@OhneNetzsperren","Netzsperren sind immer das falsche Mittel, ob bei Geldspiel oder strafrechtlich verbotenen Inhalten. Das haben die deutschen vor 10 Jahren schon gemerkt. Details im Artikel der Aargauerzeitung https://t.co/m3PMpUtwwb","http://twitter.com/OhneNetzsperren/status/987325731909853184",2018-04-20 15:42:00,2018,16,2018-04-20,NA,"character(0)","de","de"
"111","@padeluun","RT @OhneNetzsperren: Netzsperren sind immer das falsche Mittel, ob bei Geldspiel oder strafrechtlich verbotenen Inhalten. Das haben die deutschen vor 10 Jahren schon gemerkt. Details im Artikel der Aargauerzeitung https://t.co/m3PMpUtwwb","http://twitter.com/padeluun/status/987328388393308162",2018-04-20 15:53:00,2018,16,2018-04-20,"RT @OhneNetzsperren:","character(0)","de","de"
"112","@cyb3rrunn3r","RT @OhneNetzsperren: Netzsperren sind immer das falsche Mittel, ob bei Geldspiel oder strafrechtlich verbotenen Inhalten. Das haben die deutschen vor 10 Jahren schon gemerkt. Details im Artikel der Aargauerzeitung https://t.co/m3PMpUtwwb","http://twitter.com/cyb3rrunn3r/status/987328891672055813",2018-04-20 15:55:00,2018,16,2018-04-20,"RT @OhneNetzsperren:","character(0)","de","de"
"113","@FDP_Zuerich2","RT @andrisilbi_: „Welche Signale werden ins Land gesendet, wenn der Staat zur Durchsetzung eines Gesetzes offenkundig auf ein weitgehend nutzloses Mittel setzt?“ 

Ein Grund mehr für ein Nein zum #Geldspielgesetz #GSGnein https://t.co/Wx3c5LMULE","http://twitter.com/FDP_Zuerich2/status/987342191382224896",2018-04-20 16:48:00,2018,16,2018-04-20,"RT @andrisilbi_:","c(""#geldspielgesetz "", ""#gsgnein "")","de","de"
"114","@swissly1","RT @cwasi: Internetzensur nein danke! Keine chinesischen Methoden beim #Geldspielgesetz! Markt und Innovation ist besser als #Netzsperre.  @FDP_Liberalen @Jungfreisinnige #GSGnein @gsg_nein #cewe_newsroom #abst18 #CHvote
<f0><U+009F><U+0091><U+0089> https://t.co/Guf9Ydio8O https://t.co/PfKZqtwG5N","http://twitter.com/swissly1/status/987344748246691840",2018-04-20 16:58:00,2018,16,2018-04-20,"RT @cwasi:","c(""#geldspielgesetz! "", ""#netzsperre. "", ""#gsgnein "", ""#cewe_newsroom "", ""#abst18 "", ""#chvote"")","de","de"
"115","@huberfe","RT @NatalieRickli: #SVP #Zürich sagt mit 128:90 Stimmen Nein zu #Internetzensur #Casinomonopol und #Geldspielgesetz… https://t.co/o75Ae8fSKd","http://twitter.com/huberfe/status/987346400328540165",2018-04-20 17:05:00,2018,16,2018-04-20,"RT @NatalieRickli:","c(""#svp "", ""#zürich "", ""#internetzensur "", ""#casinomonopol "", ""#geldspielgesetz… "")","de","de"
"116","@JorgoA","RT @andrisilbi_: „Welche Signale werden ins Land gesendet, wenn der Staat zur Durchsetzung eines Gesetzes offenkundig auf ein weitgehend nutzloses Mittel setzt?“ 

Ein Grund mehr für ein Nein zum #Geldspielgesetz #GSGnein https://t.co/Wx3c5LMULE","http://twitter.com/JorgoA/status/987347431447842817",2018-04-20 17:09:00,2018,16,2018-04-20,"RT @andrisilbi_:","c(""#geldspielgesetz "", ""#gsgnein "")","de","de"
"117","@morvjn","RT @andrisilbi_: „Welche Signale werden ins Land gesendet, wenn der Staat zur Durchsetzung eines Gesetzes offenkundig auf ein weitgehend nutzloses Mittel setzt?“ 

Ein Grund mehr für ein Nein zum #Geldspielgesetz #GSGnein https://t.co/Wx3c5LMULE","http://twitter.com/morvjn/status/987347761715662849",2018-04-20 17:10:00,2018,16,2018-04-20,"RT @andrisilbi_:","c(""#geldspielgesetz "", ""#gsgnein "")","de","de"
"118","@JorgoA","RT @OhneNetzsperren: @vinschger @AlainS1991 @vecirex Jedes neue Gesetz kann weitere #Netzsperren einführen. Dies wird um Grössenordnungen einfacher, wenn wir mit dem #Geldspielgesetz den #Präzedenzfall schaffen. Das Parlament wird diese ziemlich sicher wieder ins #Urheberrecht reinnnehmen, falls das Geldspielgesetz angenommen würde","http://twitter.com/JorgoA/status/987349576020619265",2018-04-20 17:17:00,2018,16,2018-04-20,"RT @OhneNetzsperren:","c(""#netzsperren "", ""#geldspielgesetz "", ""#präzedenzfall "", ""#urheberrecht "")","de","de"
"119","@JorgoA","RT @cwasi: Internetzensur nein danke! Keine chinesischen Methoden beim #Geldspielgesetz! Markt und Innovation ist besser als #Netzsperre.  @FDP_Liberalen @Jungfreisinnige #GSGnein @gsg_nein #cewe_newsroom #abst18 #CHvote
<f0><U+009F><U+0091><U+0089> https://t.co/Guf9Ydio8O https://t.co/PfKZqtwG5N","http://twitter.com/JorgoA/status/987349990661083136",2018-04-20 17:19:00,2018,16,2018-04-20,"RT @cwasi:","c(""#geldspielgesetz! "", ""#netzsperre. "", ""#gsgnein "", ""#cewe_newsroom "", ""#abst18 "", ""#chvote"")","de","de"
"120","@pirateexception","RT @cwasi: Internetzensur nein danke! Keine chinesischen Methoden beim #Geldspielgesetz! Markt und Innovation ist besser als #Netzsperre.  @FDP_Liberalen @Jungfreisinnige #GSGnein @gsg_nein #cewe_newsroom #abst18 #CHvote
<f0><U+009F><U+0091><U+0089> https://t.co/Guf9Ydio8O https://t.co/PfKZqtwG5N","http://twitter.com/pirateexception/status/987350458917425155",2018-04-20 17:21:00,2018,16,2018-04-20,"RT @cwasi:","c(""#geldspielgesetz! "", ""#netzsperre. "", ""#gsgnein "", ""#cewe_newsroom "", ""#abst18 "", ""#chvote"")","de","de"
"121","@xfabio8","RT @TJFAdrian: Heute darf ich am #JFBL18 die @jfblliberal vertreten. Eine ideale Gelegenheit den Freisinn und #GSGnein schmackhaft zu machen.","http://twitter.com/xfabio8/status/987350977895456769",2018-04-20 17:23:00,2018,16,2018-04-20,"RT @TJFAdrian:","c(""#jfbl18 "", ""#gsgnein "")","de","de"
"122","@ThomasLaeubli","@recherdan @FDP_BL @andrisilbi_ Die #Jungfreisinnigen bezwecken einmal mehr, dass die #Digitalwirtschaft einen Profit für eine dürftige Leistung abwirft: Wie sie das #Urheberrecht im Netz missachten, zocken sie die Leute ab und wollen nichts fürs #Gemeinwohl erbringen. Darum ein beherztes JA zum #GSG! #GSGJa","http://twitter.com/ThomasLaeubli/status/987351574396723200",2018-04-20 17:25:00,2018,16,2018-04-20,NA,"c(""#jungfreisinnigen "", ""#digitalwirtschaft "", ""#urheberrecht "", ""#gemeinwohl "", ""#gsg! "", ""#gsgja"")","de","de"
"123","@gsg_nein","https://t.co/iSzmKxorSR
""Welche Signale werden ins Land gesendet, wenn der Staat zur Durchsetzung eines Gesetzes offenkundig auf ein weitgehend nutzloses Mittel setzt?"" #GeldspielgesetzNEIN","http://twitter.com/gsg_nein/status/987352265215414272",2018-04-20 17:28:00,2018,16,2018-04-20,NA,"#geldspielgesetznein","de","de"
"124","@CVP_PDC","Der Parteivorstand der CVP Schweiz befürwortet das #Geldspielgesetz mit 33 Stimmen zu 4 Stimmen bei 3 Enthaltungen. Morgen werden die Delegierten an der #DVCVPCH ihre Parole fassen. https://t.co/D7lYMa88hq","http://twitter.com/CVP_PDC/status/987353084774019072",2018-04-20 17:31:00,2018,16,2018-04-20,NA,"c(""#geldspielgesetz "", ""#dvcvpch "")","de","de"
"125","@wahlch15","RT @andrisilbi_: Das Interview mit BR Sommaruga in der Luzerner Zeitung zeigt eindrücklich auf, wie wenig man von einer klugen Regulierung im Internet versteht. Lieber riegelt man das Netz ab und verschliesst die Augen vor den Herausforderungen. Ein Grund mehr, Nein zum #Geldspielgesetz zu sagen.","http://twitter.com/wahlch15/status/987356548593831937",2018-04-20 17:45:00,2018,16,2018-04-20,"RT @andrisilbi_:","#geldspielgesetz ","de","de"
"126","@wahlch15","RT @cwasi: Internetzensur nein danke! Keine chinesischen Methoden beim #Geldspielgesetz! Markt und Innovation ist besser als #Netzsperre.  @FDP_Liberalen @Jungfreisinnige #GSGnein @gsg_nein #cewe_newsroom #abst18 #CHvote
<f0><U+009F><U+0091><U+0089> https://t.co/Guf9Ydio8O https://t.co/PfKZqtwG5N","http://twitter.com/wahlch15/status/987356703292383232",2018-04-20 17:45:00,2018,16,2018-04-20,"RT @cwasi:","c(""#geldspielgesetz! "", ""#netzsperre. "", ""#gsgnein "", ""#cewe_newsroom "", ""#abst18 "", ""#chvote"")","de","de"
"127","@thomasdayer","RT @GuidoBalmerEJPD: «Gejubelt würde in Malta und Gibraltar»: Bundesrätin #Sommaruga zu den Folgen einer Ablehnung des Geldspielgesetzes. Im Interview mit @MajaBriner und Roger Braun von den Regionalmedien der @nzz (@tagblatt_ch @LuzernerZeitung etc.).

Auch via https://t.co/MYaRQqTiZj

#GSGja #Vot18 https://t.co/XAR2oIaArH","http://twitter.com/thomasdayer/status/987361246138785792",2018-04-20 18:04:00,2018,16,2018-04-20,"RT @GuidoBalmerEJPD:","c(""#sommaruga "", ""#gsgja "", ""#vot18 "")","de","de"
"128","@demokratie_ch","RT @ChVuille: Heute entscheidet die Berner SVP über das #Geldspielgesetz . Gegen Adrian Amstutz (Ja) tritt Beat Flach (GLP) an – obwohl @NatalieRickli @lukasreimann oder @zac1967 verfügbar gewesen wären. Die Recherche bei @nau_live mit @MBaerlocher https://t.co/M3Z5cMgWyl","http://twitter.com/demokratie_ch/status/987363596882595840",2018-04-20 18:13:00,2018,16,2018-04-20,"RT @ChVuille:","#geldspielgesetz ","de","de"
"129","@FDP_BL","Ja, wir sind stolz auf euch! Ihr gingt voran und habt das Referendum ergriffen! Deshalb stimmen wir jetzt überhaupt über das #Geldspielgesetz ab. #jungfreisinn @Jungfreisinnige @andrisilbi_ @FDP_Liberalen https://t.co/ExdSblux3U","http://twitter.com/FDP_BL/status/987366690009829376",2018-04-20 18:25:00,2018,16,2018-04-20,NA,"c(""#geldspielgesetz "", ""#jungfreisinn "")","de","de"
"130","@buercher","RT @dhuerlimann: Die Glaubwürdigkeit der Schweizer Rechtsordnung wird beschädigt, wenn sie sich zur Rechtsdurchsetzung weitgehend untauglicher Mittel bedient. -- https://t.co/oZMImEsJpe","http://twitter.com/buercher/status/987366918888873986",2018-04-20 18:26:00,2018,16,2018-04-20,"RT @dhuerlimann:","character(0)","de","de"
"131","@ErichAschi","In der SVP gibt es einen Graben zwischen Zürich und Bern #GSG https://t.co/8gXUyTz3Hu via @nzz","http://twitter.com/ErichAschi/status/987367760362602497",2018-04-20 18:29:00,2018,16,2018-04-20,NA,"#gsg ","de","de"
"132","@tatamagdy77","RT @cwasi: Internetzensur nein danke! Keine chinesischen Methoden beim #Geldspielgesetz! Markt und Innovation ist besser als #Netzsperre.  @FDP_Liberalen @Jungfreisinnige #GSGnein @gsg_nein #cewe_newsroom #abst18 #CHvote
<f0><U+009F><U+0091><U+0089> https://t.co/Guf9Ydio8O https://t.co/PfKZqtwG5N","http://twitter.com/tatamagdy77/status/987376650387062784",2018-04-20 19:05:00,2018,16,2018-04-20,"RT @cwasi:","c(""#geldspielgesetz! "", ""#netzsperre. "", ""#gsgnein "", ""#cewe_newsroom "", ""#abst18 "", ""#chvote"")","de","de"
"133","@Simone_Richner","RT @cwasi: Internetzensur nein danke! Keine chinesischen Methoden beim #Geldspielgesetz! Markt und Innovation ist besser als #Netzsperre.  @FDP_Liberalen @Jungfreisinnige #GSGnein @gsg_nein #cewe_newsroom #abst18 #CHvote
<f0><U+009F><U+0091><U+0089> https://t.co/Guf9Ydio8O https://t.co/PfKZqtwG5N","http://twitter.com/Simone_Richner/status/987377004986105856",2018-04-20 19:06:00,2018,16,2018-04-20,"RT @cwasi:","c(""#geldspielgesetz! "", ""#netzsperre. "", ""#gsgnein "", ""#cewe_newsroom "", ""#abst18 "", ""#chvote"")","de","de"
"134","@TschankMichel","RT @cwasi: Internetzensur nein danke! Keine chinesischen Methoden beim #Geldspielgesetz! Markt und Innovation ist besser als #Netzsperre.  @FDP_Liberalen @Jungfreisinnige #GSGnein @gsg_nein #cewe_newsroom #abst18 #CHvote
<f0><U+009F><U+0091><U+0089> https://t.co/Guf9Ydio8O https://t.co/PfKZqtwG5N","http://twitter.com/TschankMichel/status/987379278475071488",2018-04-20 19:15:00,2018,16,2018-04-20,"RT @cwasi:","c(""#geldspielgesetz! "", ""#netzsperre. "", ""#gsgnein "", ""#cewe_newsroom "", ""#abst18 "", ""#chvote"")","de","de"
"135","@asba_j","Ein unmoralisches Angebot: Wie Ausländer sich eine Schweizer Abstimmung kaufen #Geldspielgesetz #politik  https://t.co/ybTBvb5ZWz","http://twitter.com/asba_j/status/987383366805803008",2018-04-20 19:31:00,2018,16,2018-04-20,NA,"c(""#geldspielgesetz "", ""#politik "")","de","de"
"136","@NicolasJutzet","RT @sosicles: Gut gebrüllt, Löwe! @Marcel_Dobler erklärt in der @Handelszeitung , wieso das #Geldspielgesetz abzulehnen ist. #netzsperren https://t.co/4iXYspGmm2","http://twitter.com/NicolasJutzet/status/987387498782511104",2018-04-20 19:48:00,2018,16,2018-04-20,"RT @sosicles:","c(""#geldspielgesetz "", ""#netzsperren "")","de","de"
"137","@martin_candinas","RT @CVP_PDC: Der Parteivorstand der CVP Schweiz befürwortet das #Geldspielgesetz mit 33 Stimmen zu 4 Stimmen bei 3 Enthaltungen. Morgen werden die Delegierten an der #DVCVPCH ihre Parole fassen. https://t.co/D7lYMa88hq","http://twitter.com/martin_candinas/status/987399167453646849",2018-04-20 20:34:00,2018,16,2018-04-20,"RT @CVP_PDC:","c(""#geldspielgesetz "", ""#dvcvpch "")","de","de"
"138","@fabiangrepper","Auch das #Geldspielgesetz <f0><U+009F><U+00A4><U+00AC> wird am @JFAargau Parteitag einstimmig abgelehnt! <f0><U+009F><U+0092><U+00AA><f0><U+009F><U+008F><U+00BB>
. 
@gsg_nein @geldspiel_ja #Geldspielgesetz #GSGnein #NeinzuNetzsperren @fdp_ag #CasinoKartellGesetz @FDP_Liberalen @Jungfreisinnige #CasinoKartell","http://twitter.com/fabiangrepper/status/987403123017830405",2018-04-20 20:50:00,2018,16,2018-04-20,NA,"c(""#geldspielgesetz "", ""#geldspielgesetz "", ""#gsgnein "", ""#neinzunetzsperren "", ""#casinokartellgesetz "", ""#casinokartell"")","de","de"
"139","@ThomasLaeubli","@susanne_brunner @BinderMarianne Natürlich ist die Welt digitaler geworden. Gleichzeitig wollten die #Rechtsbürgerlichen die Inhalte von Urhebern im Netz nicht besser schützen. Und jetzt will man von Online-Spielen nur noch den Profit haben, ohne Kultur &amp; #Bildung zu berücksichtigen. Deshalb #GSGJa!","http://twitter.com/ThomasLaeubli/status/987404766476161024",2018-04-20 20:56:00,2018,16,2018-04-20,NA,"c(""#rechtsbürgerlichen "", ""#bildung "", ""#gsgja!"")","de","de"
"140","@Richard_Koller","#Geldspielgesetz Es gibt KEINE Freiheit mit Internet-Zensur. Wollen wir die Bürgerinnen und Brüger für Unmündig erklären? Die ewige Rechtweisung durch unser Bundesbern und ""SS"" S. Sommaruga muss endlich engedämmt werden. #netzsperren #Casinomonopol #Freiheit @Staatshorror","http://twitter.com/Richard_Koller/status/987415903649325066",2018-04-20 21:41:00,2018,16,2018-04-20,NA,"c(""#geldspielgesetz "", ""#netzsperren "", ""#casinomonopol "", ""#freiheit "")","de","de"
"141","@hans_denkt","RT @Richard_Koller: #Geldspielgesetz Es gibt KEINE Freiheit mit Internet-Zensur. Wollen wir die Bürgerinnen und Brüger für Unmündig erklären? Die ewige Rechtweisung durch unser Bundesbern und ""SS"" S. Sommaruga muss endlich engedämmt werden. #netzsperren #Casinomonopol #Freiheit @Staatshorror","http://twitter.com/hans_denkt/status/987415987891986434",2018-04-20 21:41:00,2018,16,2018-04-20,"RT @Richard_Koller:","c(""#geldspielgesetz "", ""#netzsperren "", ""#casinomonopol "", ""#freiheit "")","de","de"
"142","@Tobias_Hendry","RT @Richard_Koller: #Geldspielgesetz Es gibt KEINE Freiheit mit Internet-Zensur. Wollen wir die Bürgerinnen und Brüger für Unmündig erklären? Die ewige Rechtweisung durch unser Bundesbern und ""SS"" S. Sommaruga muss endlich engedämmt werden. #netzsperren #Casinomonopol #Freiheit @Staatshorror","http://twitter.com/Tobias_Hendry/status/987416830494076928",2018-04-20 21:44:00,2018,16,2018-04-20,"RT @Richard_Koller:","c(""#geldspielgesetz "", ""#netzsperren "", ""#casinomonopol "", ""#freiheit "")","de","de"
"143","@faegnaescht","RT @Richard_Koller: #Geldspielgesetz Es gibt KEINE Freiheit mit Internet-Zensur. Wollen wir die Bürgerinnen und Brüger für Unmündig erklären? Die ewige Rechtweisung durch unser Bundesbern und ""SS"" S. Sommaruga muss endlich engedämmt werden. #netzsperren #Casinomonopol #Freiheit @Staatshorror","http://twitter.com/faegnaescht/status/987419513506484224",2018-04-20 21:55:00,2018,16,2018-04-20,"RT @Richard_Koller:","c(""#geldspielgesetz "", ""#netzsperren "", ""#casinomonopol "", ""#freiheit "")","de","de"
"144","@mhausding","RT @cwasi: Internetzensur nein danke! Keine chinesischen Methoden beim #Geldspielgesetz! Markt und Innovation ist besser als #Netzsperre.  @FDP_Liberalen @Jungfreisinnige #GSGnein @gsg_nein #cewe_newsroom #abst18 #CHvote
<f0><U+009F><U+0091><U+0089> https://t.co/Guf9Ydio8O https://t.co/PfKZqtwG5N","http://twitter.com/mhausding/status/987419841341657090",2018-04-20 21:56:00,2018,16,2018-04-20,"RT @cwasi:","c(""#geldspielgesetz! "", ""#netzsperre. "", ""#gsgnein "", ""#cewe_newsroom "", ""#abst18 "", ""#chvote"")","de","de"
"145","@glp_ag","RT @beatflach: #Netzsperren sind untauglich u. senden ein fatales Signal des Staates zur Zukunft des freien Internets aus. (Illegales muss man löschen, nicht sperren; Onlinespiele sind nicht illegal, sondern sollten konzessioniert werden). Lesenswert dazu: https://t.co/hMdzSILwYP #GSGNein","http://twitter.com/glp_ag/status/987421207980060674",2018-04-20 22:02:00,2018,16,2018-04-20,"RT @beatflach:","c(""#netzsperren "", ""#gsgnein"")","de","de"
"146","@MikeGasche","@Richard_Koller @faegnaescht @Staatshorror Problem Online-Casinos: Ich schreibe den Algorithmus der zu Glück &amp; Verderben führt selber. In echten Casinos ist das aufgrund der Investitionen &amp; Kontrollen bedingt möglich. Nein, so einfach ist es nicht. Was möglich ist, wird auch gemacht, auch Kriminalität. #Geldspielgesetz","http://twitter.com/MikeGasche/status/987421800656265218",2018-04-20 22:04:00,2018,16,2018-04-20,NA,"#geldspielgesetz","de","de"
"147","@Heierle","RT @Richard_Koller: #Geldspielgesetz Es gibt KEINE Freiheit mit Internet-Zensur. Wollen wir die Bürgerinnen und Brüger für Unmündig erklären? Die ewige Rechtweisung durch unser Bundesbern und ""SS"" S. Sommaruga muss endlich engedämmt werden. #netzsperren #Casinomonopol #Freiheit @Staatshorror","http://twitter.com/Heierle/status/987422656935923713",2018-04-20 22:08:00,2018,16,2018-04-20,"RT @Richard_Koller:","c(""#geldspielgesetz "", ""#netzsperren "", ""#casinomonopol "", ""#freiheit "")","de","de"
"148","@Nightingal_news","Das Geldspielgesetz im Erklärvideo - watson
https://t.co/lJgPZua0hu","http://twitter.com/Nightingal_news/status/987423694652956676",2018-04-20 22:12:00,2018,16,2018-04-20,NA,"character(0)","de","de"
"149","@aldonago","RT @cwasi: Internetzensur nein danke! Keine chinesischen Methoden beim #Geldspielgesetz! Markt und Innovation ist besser als #Netzsperre.  @FDP_Liberalen @Jungfreisinnige #GSGnein @gsg_nein #cewe_newsroom #abst18 #CHvote
<f0><U+009F><U+0091><U+0089> https://t.co/Guf9Ydio8O https://t.co/PfKZqtwG5N","http://twitter.com/aldonago/status/987430905416507399",2018-04-20 22:40:00,2018,16,2018-04-20,"RT @cwasi:","c(""#geldspielgesetz! "", ""#netzsperre. "", ""#gsgnein "", ""#cewe_newsroom "", ""#abst18 "", ""#chvote"")","de","de"
